regime,sim_seed,init_seed,model,metric,value
linear,2000,125,MPTE,RMSE,1.2018066577370456
linear,2000,125,MPTE,MAE,0.9509648511220756
linear,2000,125,MPTE,DA,0.6114457831325302
linear,2000,125,AR,RMSE,1.3421063669530355
linear,2000,125,AR,MAE,1.0699354515142736
linear,2000,125,AR,DA,0.0
linear,2000,125,MIDAS,RMSE,1.2907587928173525
linear,2000,125,MIDAS,MAE,1.0215416363153982
linear,2000,125,MIDAS,DA,0.5542168674698795
linear,2000,125,AB1,RMSE,1.2465045496269087
linear,2000,125,AB1,MAE,0.9922658051310326
linear,2000,125,AB1,DA,0.5933734939759037
linear,2000,125,AB2,RMSE,1.343979909470939
linear,2000,125,AB2,MAE,1.0729600237922423
linear,2000,125,AB2,DA,0.5180722891566265
linear,2000,125,AB3,RMSE,1.2007064111666783
linear,2000,125,AB3,MAE,0.9547215334776906
linear,2000,125,AB3,DA,0.6716867469879518
linear,2000,125,AB4,RMSE,1.3443642652041137
linear,2000,125,AB4,MAE,1.0733435664066686
linear,2000,125,AB4,DA,0.4879518072289157
linear,2000,125,AB5,RMSE,1.249857764260573
linear,2000,125,AB5,MAE,0.9852430770265006
linear,2000,125,AB5,DA,0.6475903614457831
linear,2001,125,MPTE,RMSE,1.1647543443040407
linear,2001,125,MPTE,MAE,0.929715815920262
linear,2001,125,MPTE,DA,0.5542168674698795
linear,2001,125,AR,RMSE,1.15856603401687
linear,2001,125,AR,MAE,0.9280162030438129
linear,2001,125,AR,DA,0.04819277108433735
linear,2001,125,MIDAS,RMSE,1.158818239310217
linear,2001,125,MIDAS,MAE,0.9339106830243189
linear,2001,125,MIDAS,DA,0.5783132530120482
linear,2001,125,AB1,RMSE,1.2060855458761564
linear,2001,125,AB1,MAE,0.9529514950315748
linear,2001,125,AB1,DA,0.5512048192771084
linear,2001,125,AB2,RMSE,1.2120234494161226
linear,2001,125,AB2,MAE,0.9571270008175425
linear,2001,125,AB2,DA,0.5240963855421686
linear,2001,125,AB3,RMSE,1.2152808891513764
linear,2001,125,AB3,MAE,0.9591868634066326
linear,2001,125,AB3,DA,0.49698795180722893
linear,2001,125,AB4,RMSE,1.1655924722352242
linear,2001,125,AB4,MAE,0.930096314146042
linear,2001,125,AB4,DA,0.5271084337349398
linear,2001,125,AB5,RMSE,1.0969055139879689
linear,2001,125,AB5,MAE,0.872990954809508
linear,2001,125,AB5,DA,0.5542168674698795
linear,2002,125,MPTE,RMSE,1.3070123962313718
linear,2002,125,MPTE,MAE,1.0380882107042653
linear,2002,125,MPTE,DA,0.46987951807228917
linear,2002,125,AR,RMSE,1.3100770277691456
linear,2002,125,AR,MAE,1.040285237253868
linear,2002,125,AR,DA,0.02710843373493976
linear,2002,125,MIDAS,RMSE,1.3163431757875974
linear,2002,125,MIDAS,MAE,1.0637203837443452
linear,2002,125,MIDAS,DA,0.5240963855421686
linear,2002,125,AB1,RMSE,1.3559363353947822
linear,2002,125,AB1,MAE,1.0729686089475785
linear,2002,125,AB1,DA,0.48493975903614456
linear,2002,125,AB2,RMSE,1.3507826860412577
linear,2002,125,AB2,MAE,1.0726739787645483
linear,2002,125,AB2,DA,0.5391566265060241
linear,2002,125,AB3,RMSE,1.3551168611043303
linear,2002,125,AB3,MAE,1.0723974698049172
linear,2002,125,AB3,DA,0.5150602409638554
linear,2002,125,AB4,RMSE,1.3195950470438031
linear,2002,125,AB4,MAE,1.0495455176659978
linear,2002,125,AB4,DA,0.5391566265060241
linear,2002,125,AB5,RMSE,1.2694622396150639
linear,2002,125,AB5,MAE,1.0039876366664133
linear,2002,125,AB5,DA,0.5210843373493976
linear,2003,125,MPTE,RMSE,1.1500919727223708
linear,2003,125,MPTE,MAE,0.9285272961397866
linear,2003,125,MPTE,DA,0.5542168674698795
linear,2003,125,AR,RMSE,1.2431105602710373
linear,2003,125,AR,MAE,0.9865721918841023
linear,2003,125,AR,DA,0.02710843373493976
linear,2003,125,MIDAS,RMSE,1.2519061483870875
linear,2003,125,MIDAS,MAE,0.9894341698404676
linear,2003,125,MIDAS,DA,0.5993975903614458
linear,2003,125,AB1,RMSE,1.2000814237999617
linear,2003,125,AB1,MAE,0.9650040049401445
linear,2003,125,AB1,DA,0.5873493975903614
linear,2003,125,AB2,RMSE,1.2432109743207014
linear,2003,125,AB2,MAE,0.9867574188361583
linear,2003,125,AB2,DA,0.6024096385542169
linear,2003,125,AB3,RMSE,1.2428873023524456
linear,2003,125,AB3,MAE,0.9863882965668661
linear,2003,125,AB3,DA,0.5963855421686747
linear,2003,125,AB4,RMSE,1.2389402420714923
linear,2003,125,AB4,MAE,0.9870052388185955
linear,2003,125,AB4,DA,0.46987951807228917
linear,2003,125,AB5,RMSE,1.1500631155215164
linear,2003,125,AB5,MAE,0.9340222871310254
linear,2003,125,AB5,DA,0.5572289156626506
linear,2004,125,MPTE,RMSE,1.0918134986790788
linear,2004,125,MPTE,MAE,0.8697417699304745
linear,2004,125,MPTE,DA,0.7259036144578314
linear,2004,125,AR,RMSE,1.3038658383850936
linear,2004,125,AR,MAE,1.0416212118548243
linear,2004,125,AR,DA,0.04216867469879518
linear,2004,125,MIDAS,RMSE,1.3396741537790176
linear,2004,125,MIDAS,MAE,1.0685719835322913
linear,2004,125,MIDAS,DA,0.5512048192771084
linear,2004,125,AB1,RMSE,1.1369001315473872
linear,2004,125,AB1,MAE,0.9041921016799122
linear,2004,125,AB1,DA,0.677710843373494
linear,2004,125,AB2,RMSE,1.3035487533032635
linear,2004,125,AB2,MAE,1.0414563405998591
linear,2004,125,AB2,DA,0.5271084337349398
linear,2004,125,AB3,RMSE,1.0968250575716256
linear,2004,125,AB3,MAE,0.8621911978532159
linear,2004,125,AB3,DA,0.7259036144578314
linear,2004,125,AB4,RMSE,1.2648583732434895
linear,2004,125,AB4,MAE,1.005045462526843
linear,2004,125,AB4,DA,0.7259036144578314
linear,2004,125,AB5,RMSE,1.0739913395538156
linear,2004,125,AB5,MAE,0.8568821296314534
linear,2004,125,AB5,DA,0.7379518072289156
linear,2005,125,MPTE,RMSE,1.1655102581456531
linear,2005,125,MPTE,MAE,0.9239302461688276
linear,2005,125,MPTE,DA,0.5963855421686747
linear,2005,125,AR,RMSE,1.3108634605440734
linear,2005,125,AR,MAE,1.029557597398806
linear,2005,125,AR,DA,0.060240963855421686
linear,2005,125,MIDAS,RMSE,1.2559569219266011
linear,2005,125,MIDAS,MAE,0.9944829270945101
linear,2005,125,MIDAS,DA,0.641566265060241
linear,2005,125,AB1,RMSE,1.179436384919104
linear,2005,125,AB1,MAE,0.9390500657918018
linear,2005,125,AB1,DA,0.6295180722891566
linear,2005,125,AB2,RMSE,1.1640115785606633
linear,2005,125,AB2,MAE,0.9290587478857335
linear,2005,125,AB2,DA,0.6475903614457831
linear,2005,125,AB3,RMSE,1.168228388054906
linear,2005,125,AB3,MAE,0.9423524690703784
linear,2005,125,AB3,DA,0.6174698795180723
linear,2005,125,AB4,RMSE,1.2889916910529424
linear,2005,125,AB4,MAE,1.0109668140538288
linear,2005,125,AB4,DA,0.5421686746987951
linear,2005,125,AB5,RMSE,1.1985211828998166
linear,2005,125,AB5,MAE,0.9564709617179032
linear,2005,125,AB5,DA,0.5903614457831325
linear,2006,125,MPTE,RMSE,1.2245923968319883
linear,2006,125,MPTE,MAE,0.9784969794998755
linear,2006,125,MPTE,DA,0.5120481927710844
linear,2006,125,AR,RMSE,1.2304679877522127
linear,2006,125,AR,MAE,0.9851170777034491
linear,2006,125,AR,DA,0.030120481927710843
linear,2006,125,MIDAS,RMSE,1.2513523983483537
linear,2006,125,MIDAS,MAE,0.9990689360623992
linear,2006,125,MIDAS,DA,0.5783132530120482
linear,2006,125,AB1,RMSE,1.224226099006787
linear,2006,125,AB1,MAE,0.9780059092136658
linear,2006,125,AB1,DA,0.49096385542168675
linear,2006,125,AB2,RMSE,1.1387743418659615
linear,2006,125,AB2,MAE,0.8903660537896396
linear,2006,125,AB2,DA,0.5753012048192772
linear,2006,125,AB3,RMSE,1.1839248579485635
linear,2006,125,AB3,MAE,0.9422844867446142
linear,2006,125,AB3,DA,0.5903614457831325
linear,2006,125,AB4,RMSE,1.184042149739645
linear,2006,125,AB4,MAE,0.9478807611691801
linear,2006,125,AB4,DA,0.5512048192771084
linear,2006,125,AB5,RMSE,1.1276282207369892
linear,2006,125,AB5,MAE,0.8900696678871085
linear,2006,125,AB5,DA,0.5662650602409639
linear,2007,125,MPTE,RMSE,1.2035990528675424
linear,2007,125,MPTE,MAE,0.9506459987655156
linear,2007,125,MPTE,DA,0.5301204819277109
linear,2007,125,AR,RMSE,1.199069716117956
linear,2007,125,AR,MAE,0.9486841708809106
linear,2007,125,AR,DA,0.030120481927710843
linear,2007,125,MIDAS,RMSE,1.2215063673578308
linear,2007,125,MIDAS,MAE,0.961020131427162
linear,2007,125,MIDAS,DA,0.5542168674698795
linear,2007,125,AB1,RMSE,1.198163992623804
linear,2007,125,AB1,MAE,0.9499654491064626
linear,2007,125,AB1,DA,0.45180722891566266
linear,2007,125,AB2,RMSE,1.1963340673679297
linear,2007,125,AB2,MAE,0.9475504539838043
linear,2007,125,AB2,DA,0.5090361445783133
linear,2007,125,AB3,RMSE,1.0992923019358487
linear,2007,125,AB3,MAE,0.8891249386877002
linear,2007,125,AB3,DA,0.5783132530120482
linear,2007,125,AB4,RMSE,1.2014790136573965
linear,2007,125,AB4,MAE,0.9494889263578636
linear,2007,125,AB4,DA,0.4759036144578313
linear,2007,125,AB5,RMSE,1.1059101623111196
linear,2007,125,AB5,MAE,0.882245481911594
linear,2007,125,AB5,DA,0.5813253012048193
linear,2008,125,MPTE,RMSE,1.127960388002775
linear,2008,125,MPTE,MAE,0.9020582631848197
linear,2008,125,MPTE,DA,0.5240963855421686
linear,2008,125,AR,RMSE,1.1405636445972502
linear,2008,125,AR,MAE,0.9152447153943386
linear,2008,125,AR,DA,0.0
linear,2008,125,MIDAS,RMSE,1.1692661334071994
linear,2008,125,MIDAS,MAE,0.9462363197408429
linear,2008,125,MIDAS,DA,0.5090361445783133
linear,2008,125,AB1,RMSE,1.0753860207093802
linear,2008,125,AB1,MAE,0.865082405989089
linear,2008,125,AB1,DA,0.6144578313253012
linear,2008,125,AB2,RMSE,1.1309668139006925
linear,2008,125,AB2,MAE,0.9066897687279855
linear,2008,125,AB2,DA,0.4759036144578313
linear,2008,125,AB3,RMSE,1.0930480419855289
linear,2008,125,AB3,MAE,0.8791940363542163
linear,2008,125,AB3,DA,0.5783132530120482
linear,2008,125,AB4,RMSE,1.129473652561628
linear,2008,125,AB4,MAE,0.9040285687925473
linear,2008,125,AB4,DA,0.4608433734939759
linear,2008,125,AB5,RMSE,1.0712560460698286
linear,2008,125,AB5,MAE,0.8532421217548096
linear,2008,125,AB5,DA,0.6355421686746988
linear,2009,125,AB1,RMSE,1.1032554902829121
linear,2009,125,AB1,MAE,0.8577376020393461
linear,2009,125,AB1,DA,0.7439759036144579
linear,2009,125,AB2,RMSE,1.090238699816113
linear,2009,125,AB2,MAE,0.8638487855555049
linear,2009,125,AB2,DA,0.7620481927710844
linear,2009,125,AB4,RMSE,1.2338587123950109
linear,2009,125,AB4,MAE,0.9886939317373009
linear,2009,125,AB4,DA,0.7259036144578314
linear,2009,125,AB5,RMSE,1.1357533869134746
linear,2009,125,AB5,MAE,0.8834473430491693
linear,2009,125,AB5,DA,0.7560240963855421
linear,2010,125,MPTE,RMSE,1.1421491052062454
linear,2010,125,MPTE,MAE,0.896382553035788
linear,2010,125,MPTE,DA,0.6054216867469879
linear,2010,125,AR,RMSE,1.2126087648272943
linear,2010,125,AR,MAE,0.9612884778037546
linear,2010,125,AR,DA,0.0
linear,2010,125,MIDAS,RMSE,1.2066956863097136
linear,2010,125,MIDAS,MAE,0.963968208893661
linear,2010,125,MIDAS,DA,0.5632530120481928
linear,2010,125,AB1,RMSE,1.2119827504325271
linear,2010,125,AB1,MAE,0.9610928366932766
linear,2010,125,AB1,DA,0.5301204819277109
linear,2010,125,AB2,RMSE,1.1939675392534859
linear,2010,125,AB2,MAE,0.9416041645131573
linear,2010,125,AB2,DA,0.5481927710843374
linear,2010,125,AB3,RMSE,1.1478497159446586
linear,2010,125,AB3,MAE,0.9121488267727234
linear,2010,125,AB3,DA,0.5903614457831325
linear,2010,125,AB4,RMSE,1.213076775502974
linear,2010,125,AB4,MAE,0.9627253733601999
linear,2010,125,AB4,DA,0.5180722891566265
linear,2010,125,AB5,RMSE,1.1509086456324062
linear,2010,125,AB5,MAE,0.9109412406311144
linear,2010,125,AB5,DA,0.6054216867469879
linear,2011,125,MPTE,RMSE,1.116274283336489
linear,2011,125,MPTE,MAE,0.892190503018623
linear,2011,125,MPTE,DA,0.4879518072289157
linear,2011,125,AR,RMSE,1.221060336068236
linear,2011,125,AR,MAE,0.98080239572649
linear,2011,125,AR,DA,0.06325301204819277
linear,2011,125,MIDAS,RMSE,1.1506390124834849
linear,2011,125,MIDAS,MAE,0.9238084364430408
linear,2011,125,MIDAS,DA,0.5542168674698795
linear,2011,125,AB1,RMSE,1.2123746509066593
linear,2011,125,AB1,MAE,0.9733373436883025
linear,2011,125,AB1,DA,0.4759036144578313
linear,2011,125,AB2,RMSE,1.1811287933414882
linear,2011,125,AB2,MAE,0.9350229384706308
linear,2011,125,AB2,DA,0.4397590361445783
linear,2011,125,AB3,RMSE,1.1413949096859861
linear,2011,125,AB3,MAE,0.9317167152739144
linear,2011,125,AB3,DA,0.47289156626506024
linear,2011,125,AB4,RMSE,1.2388815456143687
linear,2011,125,AB4,MAE,0.9955910504766001
linear,2011,125,AB4,DA,0.49096385542168675
linear,2011,125,AB5,RMSE,1.1376766007670442
linear,2011,125,AB5,MAE,0.9144837492785046
linear,2011,125,AB5,DA,0.463855421686747
linear,2012,125,MPTE,RMSE,1.1478566690166
linear,2012,125,MPTE,MAE,0.9324339103421365
linear,2012,125,MPTE,DA,0.5572289156626506
linear,2012,125,AR,RMSE,1.353243866803878
linear,2012,125,AR,MAE,1.0639337549334762
linear,2012,125,AR,DA,0.14457831325301204
linear,2012,125,MIDAS,RMSE,1.2524391357817255
linear,2012,125,MIDAS,MAE,0.9937961752886801
linear,2012,125,MIDAS,DA,0.5542168674698795
linear,2012,125,AB1,RMSE,1.1694300409076472
linear,2012,125,AB1,MAE,0.9394652218819716
linear,2012,125,AB1,DA,0.5542168674698795
linear,2012,125,AB2,RMSE,1.2561031264459248
linear,2012,125,AB2,MAE,1.0053995487514253
linear,2012,125,AB2,DA,0.5602409638554217
linear,2012,125,AB3,RMSE,1.3300632158306323
linear,2012,125,AB3,MAE,1.070880447483835
linear,2012,125,AB3,DA,0.5210843373493976
linear,2012,125,AB4,RMSE,1.3573201312912262
linear,2012,125,AB4,MAE,1.0609726343345554
linear,2012,125,AB4,DA,0.5090361445783133
linear,2012,125,AB5,RMSE,1.2089906973087923
linear,2012,125,AB5,MAE,0.9616694739467466
linear,2012,125,AB5,DA,0.5391566265060241
linear,2013,125,MPTE,RMSE,1.21825222895726
linear,2013,125,MPTE,MAE,0.9933523824723536
linear,2013,125,MPTE,DA,0.49096385542168675
linear,2013,125,AR,RMSE,1.2194566524201063
linear,2013,125,AR,MAE,0.994754203940335
linear,2013,125,AR,DA,0.030120481927710843
linear,2013,125,MIDAS,RMSE,1.20369827923773
linear,2013,125,MIDAS,MAE,0.9807927399756685
linear,2013,125,MIDAS,DA,0.5753012048192772
linear,2013,125,AB1,RMSE,1.218573473478144
linear,2013,125,AB1,MAE,0.9938145050196322
linear,2013,125,AB1,DA,0.46686746987951805
linear,2013,125,AB2,RMSE,1.219617560825388
linear,2013,125,AB2,MAE,0.9949459374510017
linear,2013,125,AB2,DA,0.5240963855421686
linear,2013,125,AB3,RMSE,1.1117242976214072
linear,2013,125,AB3,MAE,0.887313978322051
linear,2013,125,AB3,DA,0.5301204819277109
linear,2013,125,AB4,RMSE,1.2186475452404508
linear,2013,125,AB4,MAE,0.9938096412320326
linear,2013,125,AB4,DA,0.4578313253012048
linear,2013,125,AB5,RMSE,1.1220546933055777
linear,2013,125,AB5,MAE,0.908027638108352
linear,2013,125,AB5,DA,0.5843373493975904
linear,2014,125,MPTE,RMSE,1.0542312512779985
linear,2014,125,MPTE,MAE,0.8434780295785954
linear,2014,125,MPTE,DA,0.6385542168674698
linear,2014,125,AR,RMSE,1.1121418448175768
linear,2014,125,AR,MAE,0.8926552535378489
linear,2014,125,AR,DA,0.0391566265060241
linear,2014,125,MIDAS,RMSE,1.107927158997578
linear,2014,125,MIDAS,MAE,0.876978930904564
linear,2014,125,MIDAS,DA,0.5542168674698795
linear,2014,125,AB1,RMSE,1.0885196339903465
linear,2014,125,AB1,MAE,0.8694822711693314
linear,2014,125,AB1,DA,0.5602409638554217
linear,2014,125,AB2,RMSE,1.0600221600727344
linear,2014,125,AB2,MAE,0.8410542586783194
linear,2014,125,AB2,DA,0.6174698795180723
linear,2014,125,AB3,RMSE,1.0796021037502863
linear,2014,125,AB3,MAE,0.8563736097149852
linear,2014,125,AB3,DA,0.6295180722891566
linear,2014,125,AB4,RMSE,1.0960233666737387
linear,2014,125,AB4,MAE,0.8797008818835622
linear,2014,125,AB4,DA,0.6355421686746988
linear,2014,125,AB5,RMSE,1.0748934969972852
linear,2014,125,AB5,MAE,0.8584252964404878
linear,2014,125,AB5,DA,0.6837349397590361
linear,2015,125,MPTE,RMSE,1.2688054027369864
linear,2015,125,MPTE,MAE,1.0307024365379724
linear,2015,125,MPTE,DA,0.7289156626506024
linear,2015,125,AR,RMSE,1.5645421803896926
linear,2015,125,AR,MAE,1.2620543038121645
linear,2015,125,AR,DA,0.2319277108433735
linear,2015,125,MIDAS,RMSE,1.2719303296240567
linear,2015,125,MIDAS,MAE,1.0366294011392576
linear,2015,125,MIDAS,DA,0.7168674698795181
linear,2015,125,AB1,RMSE,1.307492320529265
linear,2015,125,AB1,MAE,1.0637590079171348
linear,2015,125,AB1,DA,0.7560240963855421
linear,2015,125,AB2,RMSE,1.354396673970864
linear,2015,125,AB2,MAE,1.1030446545110193
linear,2015,125,AB2,DA,0.7168674698795181
linear,2015,125,AB3,RMSE,1.252493427007829
linear,2015,125,AB3,MAE,1.0074352069958814
linear,2015,125,AB3,DA,0.7409638554216867
linear,2015,125,AB4,RMSE,1.5714501023481977
linear,2015,125,AB4,MAE,1.2700659370429954
linear,2015,125,AB4,DA,0.4759036144578313
linear,2015,125,AB5,RMSE,1.2745413284276381
linear,2015,125,AB5,MAE,1.0321285531481914
linear,2015,125,AB5,DA,0.7740963855421686
linear,2016,125,MPTE,RMSE,1.1772311513991316
linear,2016,125,MPTE,MAE,0.9558875035280191
linear,2016,125,MPTE,DA,0.5210843373493976
linear,2016,125,AR,RMSE,1.329967201288638
linear,2016,125,AR,MAE,1.0800444561027849
linear,2016,125,AR,DA,0.04216867469879518
linear,2016,125,MIDAS,RMSE,1.3134220533710834
linear,2016,125,MIDAS,MAE,1.0359529742055307
linear,2016,125,MIDAS,DA,0.49096385542168675
linear,2016,125,AB1,RMSE,1.1907592264068623
linear,2016,125,AB1,MAE,0.9562634849751699
linear,2016,125,AB1,DA,0.5421686746987951
linear,2016,125,AB2,RMSE,1.330217172031055
linear,2016,125,AB2,MAE,1.0704662101777376
linear,2016,125,AB2,DA,0.47289156626506024
linear,2016,125,AB3,RMSE,1.167778768810902
linear,2016,125,AB3,MAE,0.9405565279350222
linear,2016,125,AB3,DA,0.5542168674698795
linear,2016,125,AB4,RMSE,1.322872136082369
linear,2016,125,AB4,MAE,1.0675890301220954
linear,2016,125,AB4,DA,0.4578313253012048
linear,2016,125,AB5,RMSE,1.1962790098893064
linear,2016,125,AB5,MAE,0.9565059038844966
linear,2016,125,AB5,DA,0.5240963855421686
linear,2017,125,MPTE,RMSE,1.361750841397528
linear,2017,125,MPTE,MAE,1.090077209578935
linear,2017,125,MPTE,DA,0.42771084337349397
linear,2017,125,AR,RMSE,1.352321505198643
linear,2017,125,AR,MAE,1.079303065957951
linear,2017,125,AR,DA,0.03614457831325301
linear,2017,125,MIDAS,RMSE,1.2665860149697872
linear,2017,125,MIDAS,MAE,1.0265130753207352
linear,2017,125,MIDAS,DA,0.6234939759036144
linear,2017,125,AB1,RMSE,1.3674689545846421
linear,2017,125,AB1,MAE,1.0967006953628309
linear,2017,125,AB1,DA,0.5903614457831325
linear,2017,125,AB2,RMSE,1.1794349221853515
linear,2017,125,AB2,MAE,0.9663595068777808
linear,2017,125,AB2,DA,0.6536144578313253
linear,2017,125,AB3,RMSE,1.2140711273953368
linear,2017,125,AB3,MAE,0.9933799359834532
linear,2017,125,AB3,DA,0.6174698795180723
linear,2017,125,AB4,RMSE,1.316735199312374
linear,2017,125,AB4,MAE,1.0701694904525352
linear,2017,125,AB4,DA,0.5813253012048193
linear,2017,125,AB5,RMSE,1.1967723013073863
linear,2017,125,AB5,MAE,0.9819415840323363
linear,2017,125,AB5,DA,0.6174698795180723
linear,2018,125,MPTE,RMSE,1.2949625405805925
linear,2018,125,MPTE,MAE,1.0315419104912187
linear,2018,125,MPTE,DA,0.5120481927710844
linear,2018,125,AR,RMSE,1.2953588604531516
linear,2018,125,AR,MAE,1.0316496179624526
linear,2018,125,AR,DA,0.045180722891566265
linear,2018,125,MIDAS,RMSE,1.2920635735428068
linear,2018,125,MIDAS,MAE,1.0375929230142154
linear,2018,125,MIDAS,DA,0.5602409638554217
linear,2018,125,AB1,RMSE,1.0812830751051528
linear,2018,125,AB1,MAE,0.8510715412747767
linear,2018,125,AB1,DA,0.5933734939759037
linear,2018,125,AB2,RMSE,1.0911430004350307
linear,2018,125,AB2,MAE,0.870273099601926
linear,2018,125,AB2,DA,0.6656626506024096
linear,2018,125,AB3,RMSE,1.0553997879369612
linear,2018,125,AB3,MAE,0.8539153191877338
linear,2018,125,AB3,DA,0.6024096385542169
linear,2018,125,AB4,RMSE,1.2944673717187352
linear,2018,125,AB4,MAE,1.030992408041323
linear,2018,125,AB4,DA,0.5301204819277109
linear,2018,125,AB5,RMSE,1.0970007868646603
linear,2018,125,AB5,MAE,0.8637512016412948
linear,2018,125,AB5,DA,0.5692771084337349
linear,2019,125,MPTE,RMSE,1.3026360181384264
linear,2019,125,MPTE,MAE,1.0372012657656027
linear,2019,125,MPTE,DA,0.5180722891566265
linear,2019,125,AR,RMSE,1.911689947717968
linear,2019,125,AR,MAE,1.4814370168707776
linear,2019,125,AR,DA,0.4789156626506024
linear,2019,125,MIDAS,RMSE,1.379932548932019
linear,2019,125,MIDAS,MAE,1.0933791818172178
linear,2019,125,MIDAS,DA,0.5210843373493976
linear,2019,125,AB1,RMSE,1.3718184658175692
linear,2019,125,AB1,MAE,1.0759693793081042
linear,2019,125,AB1,DA,0.5240963855421686
linear,2019,125,AB2,RMSE,1.3293108274488017
linear,2019,125,AB2,MAE,1.046853294131264
linear,2019,125,AB2,DA,0.5120481927710844
linear,2019,125,AB3,RMSE,1.3345118992775165
linear,2019,125,AB3,MAE,1.0470432830187537
linear,2019,125,AB3,DA,0.5240963855421686
linear,2019,125,AB4,RMSE,1.4862981658612853
linear,2019,125,AB4,MAE,1.1972737601074919
linear,2019,125,AB4,DA,0.49096385542168675
linear,2019,125,AB5,RMSE,1.3671732847662275
linear,2019,125,AB5,MAE,1.0666123943624326
linear,2019,125,AB5,DA,0.46987951807228917
linear,2020,125,MPTE,RMSE,1.472587359104365
linear,2020,125,MPTE,MAE,1.1749960150681513
linear,2020,125,MPTE,DA,0.5331325301204819
linear,2020,125,AR,RMSE,1.4785098494261295
linear,2020,125,AR,MAE,1.1796817106234359
linear,2020,125,AR,DA,0.045180722891566265
linear,2020,125,MIDAS,RMSE,1.3067977294726099
linear,2020,125,MIDAS,MAE,1.0448464110183655
linear,2020,125,MIDAS,DA,0.5963855421686747
linear,2020,125,AB1,RMSE,1.4227070276517855
linear,2020,125,AB1,MAE,1.1331795134649618
linear,2020,125,AB1,DA,0.44879518072289154
linear,2020,125,AB2,RMSE,1.4943329726369756
linear,2020,125,AB2,MAE,1.193142850540734
linear,2020,125,AB2,DA,0.4879518072289157
linear,2020,125,AB3,RMSE,1.4043332168222757
linear,2020,125,AB3,MAE,1.1109782917388191
linear,2020,125,AB3,DA,0.5843373493975904
linear,2020,125,AB4,RMSE,1.473372257597398
linear,2020,125,AB4,MAE,1.175681460415146
linear,2020,125,AB4,DA,0.4819277108433735
linear,2020,125,AB5,RMSE,1.437058966403822
linear,2020,125,AB5,MAE,1.136416203024192
linear,2020,125,AB5,DA,0.5783132530120482
linear,2021,125,MPTE,RMSE,1.1823560537475846
linear,2021,125,MPTE,MAE,0.9596686625690765
linear,2021,125,MPTE,DA,0.6445783132530121
linear,2021,125,AR,RMSE,1.4667843432501886
linear,2021,125,AR,MAE,1.1643709309279915
linear,2021,125,AR,DA,0.3433734939759036
linear,2021,125,MIDAS,RMSE,1.2433879662165577
linear,2021,125,MIDAS,MAE,0.9918549235172767
linear,2021,125,MIDAS,DA,0.6295180722891566
linear,2021,125,AB1,RMSE,1.1801550105333611
linear,2021,125,AB1,MAE,0.9500986999392339
linear,2021,125,AB1,DA,0.6746987951807228
linear,2021,125,AB2,RMSE,1.193685652053254
linear,2021,125,AB2,MAE,0.9644830002242237
linear,2021,125,AB2,DA,0.6234939759036144
linear,2021,125,AB3,RMSE,1.188338080001922
linear,2021,125,AB3,MAE,0.9657083591065658
linear,2021,125,AB3,DA,0.6445783132530121
linear,2021,125,AB4,RMSE,1.4316891578874822
linear,2021,125,AB4,MAE,1.1323010766953459
linear,2021,125,AB4,DA,0.5903614457831325
linear,2021,125,AB5,RMSE,1.1892092794729363
linear,2021,125,AB5,MAE,0.952227058518802
linear,2021,125,AB5,DA,0.6686746987951807
linear,2022,125,MPTE,RMSE,1.2042916993831183
linear,2022,125,MPTE,MAE,0.9488609036038674
linear,2022,125,MPTE,DA,0.7319277108433735
linear,2022,125,AR,RMSE,1.3687449481764786
linear,2022,125,AR,MAE,1.0832419952878638
linear,2022,125,AR,DA,0.04216867469879518
linear,2022,125,MIDAS,RMSE,1.2922710526887093
linear,2022,125,MIDAS,MAE,1.0335204821878048
linear,2022,125,MIDAS,DA,0.6536144578313253
linear,2022,125,AB1,RMSE,1.2074435688630578
linear,2022,125,AB1,MAE,0.9417166517713778
linear,2022,125,AB1,DA,0.6987951807228916
linear,2022,125,AB2,RMSE,1.2415517355629078
linear,2022,125,AB2,MAE,0.9859873520874324
linear,2022,125,AB2,DA,0.7078313253012049
linear,2022,125,AB3,RMSE,1.1837601720603736
linear,2022,125,AB3,MAE,0.9448731362962374
linear,2022,125,AB3,DA,0.7198795180722891
linear,2022,125,AB4,RMSE,1.3167829692399293
linear,2022,125,AB4,MAE,1.058518232392402
linear,2022,125,AB4,DA,0.6927710843373494
linear,2022,125,AB5,RMSE,1.1597937828221223
linear,2022,125,AB5,MAE,0.9293784011455752
linear,2022,125,AB5,DA,0.75
linear,2023,125,MPTE,RMSE,1.2848847712569071
linear,2023,125,MPTE,MAE,1.0164315433440319
linear,2023,125,MPTE,DA,0.7228915662650602
linear,2023,125,AR,RMSE,1.6222463123127076
linear,2023,125,AR,MAE,1.3298144771576834
linear,2023,125,AR,DA,0.11746987951807229
linear,2023,125,MIDAS,RMSE,1.329409621194891
linear,2023,125,MIDAS,MAE,1.034328514403922
linear,2023,125,MIDAS,DA,0.6807228915662651
linear,2023,125,AB1,RMSE,1.3122168625521262
linear,2023,125,AB1,MAE,1.0318762487994435
linear,2023,125,AB1,DA,0.7048192771084337
linear,2023,125,AB2,RMSE,1.3356878740887554
linear,2023,125,AB2,MAE,1.0527180309426158
linear,2023,125,AB2,DA,0.6897590361445783
linear,2023,125,AB3,RMSE,1.3533145451642057
linear,2023,125,AB3,MAE,1.0888406153604573
linear,2023,125,AB3,DA,0.6867469879518072
linear,2023,125,AB4,RMSE,1.579495797410134
linear,2023,125,AB4,MAE,1.2874167793955424
linear,2023,125,AB4,DA,0.641566265060241
linear,2023,125,AB5,RMSE,1.3797273691939567
linear,2023,125,AB5,MAE,1.1091537183305142
linear,2023,125,AB5,DA,0.7168674698795181
linear,2024,125,MPTE,RMSE,1.0871438423465607
linear,2024,125,MPTE,MAE,0.876325441744708
linear,2024,125,MPTE,DA,0.5963855421686747
linear,2024,125,AR,RMSE,1.1527650168569263
linear,2024,125,AR,MAE,0.9101220862306701
linear,2024,125,AR,DA,0.03313253012048193
linear,2024,125,MIDAS,RMSE,1.1949689514484338
linear,2024,125,MIDAS,MAE,0.9617657180190404
linear,2024,125,MIDAS,DA,0.5481927710843374
linear,2024,125,AB1,RMSE,1.151942401434378
linear,2024,125,AB1,MAE,0.909830259217118
linear,2024,125,AB1,DA,0.4879518072289157
linear,2024,125,AB2,RMSE,1.124745774360567
linear,2024,125,AB2,MAE,0.9062368931094598
linear,2024,125,AB2,DA,0.4789156626506024
linear,2024,125,AB3,RMSE,1.0950404441224482
linear,2024,125,AB3,MAE,0.8780556213943288
linear,2024,125,AB3,DA,0.5692771084337349
linear,2024,125,AB4,RMSE,1.1383803660044005
linear,2024,125,AB4,MAE,0.9088523445496872
linear,2024,125,AB4,DA,0.5542168674698795
linear,2024,125,AB5,RMSE,1.0870901422821
linear,2024,125,AB5,MAE,0.8773359489953353
linear,2024,125,AB5,DA,0.5512048192771084
linear,2025,125,MPTE,RMSE,1.2734296728305223
linear,2025,125,MPTE,MAE,1.0176201826100135
linear,2025,125,MPTE,DA,0.4397590361445783
linear,2025,125,AR,RMSE,1.273935844438794
linear,2025,125,AR,MAE,1.016770666186396
linear,2025,125,AR,DA,0.05120481927710843
linear,2025,125,MIDAS,RMSE,1.184499345090527
linear,2025,125,MIDAS,MAE,0.9461298708411904
linear,2025,125,MIDAS,DA,0.6686746987951807
linear,2025,125,AB1,RMSE,1.2463356320456838
linear,2025,125,AB1,MAE,0.9969624268871399
linear,2025,125,AB1,DA,0.6204819277108434
linear,2025,125,AB2,RMSE,1.1746238909876632
linear,2025,125,AB2,MAE,0.9328985599959623
linear,2025,125,AB2,DA,0.7048192771084337
linear,2025,125,AB3,RMSE,1.2741678952271658
linear,2025,125,AB3,MAE,1.017302382513108
linear,2025,125,AB3,DA,0.4246987951807229
linear,2025,125,AB4,RMSE,1.274146461506412
linear,2025,125,AB4,MAE,1.0172812872098271
linear,2025,125,AB4,DA,0.39759036144578314
linear,2025,125,AB5,RMSE,1.2729285308773706
linear,2025,125,AB5,MAE,1.016395040842687
linear,2025,125,AB5,DA,0.5331325301204819
linear,2026,125,MPTE,RMSE,1.0051143604186559
linear,2026,125,MPTE,MAE,0.8261998690281144
linear,2026,125,MPTE,DA,0.5632530120481928
linear,2026,125,AR,RMSE,1.0380230654905918
linear,2026,125,AR,MAE,0.8512782630750337
linear,2026,125,AR,DA,0.024096385542168676
linear,2026,125,MIDAS,RMSE,1.1106704135560699
linear,2026,125,MIDAS,MAE,0.891854867022256
linear,2026,125,MIDAS,DA,0.5030120481927711
linear,2026,125,AB1,RMSE,1.0438413610143191
linear,2026,125,AB1,MAE,0.8450940946213672
linear,2026,125,AB1,DA,0.5783132530120482
linear,2026,125,AB2,RMSE,1.0313228354715356
linear,2026,125,AB2,MAE,0.8356270959095333
linear,2026,125,AB2,DA,0.5391566265060241
linear,2026,125,AB4,RMSE,1.0437178877407691
linear,2026,125,AB4,MAE,0.8518294947187481
linear,2026,125,AB4,DA,0.5090361445783133
linear,2026,125,AB5,RMSE,1.010862601330974
linear,2026,125,AB5,MAE,0.8359822818284155
linear,2026,125,AB5,DA,0.5692771084337349
linear,2027,125,MPTE,RMSE,1.1415074439113775
linear,2027,125,MPTE,MAE,0.9190933071148438
linear,2027,125,MPTE,DA,0.5963855421686747
linear,2027,125,AR,RMSE,1.1884146037284675
linear,2027,125,AR,MAE,0.9431154427103271
linear,2027,125,AR,DA,0.08433734939759036
linear,2027,125,MIDAS,RMSE,1.1601319411009612
linear,2027,125,MIDAS,MAE,0.9082653617617253
linear,2027,125,MIDAS,DA,0.6144578313253012
linear,2027,125,AB1,RMSE,1.1715436335599418
linear,2027,125,AB1,MAE,0.9369711130334499
linear,2027,125,AB1,DA,0.4759036144578313
linear,2027,125,AB2,RMSE,1.0989551752253084
linear,2027,125,AB2,MAE,0.8751811893452235
linear,2027,125,AB2,DA,0.6506024096385542
linear,2027,125,AB3,RMSE,1.1327185183717716
linear,2027,125,AB3,MAE,0.9104004970975207
linear,2027,125,AB3,DA,0.5542168674698795
linear,2027,125,AB4,RMSE,1.1506697327040178
linear,2027,125,AB4,MAE,0.9164597125775544
linear,2027,125,AB4,DA,0.5090361445783133
linear,2027,125,AB5,RMSE,1.1101163793665314
linear,2027,125,AB5,MAE,0.8995164447064545
linear,2027,125,AB5,DA,0.6204819277108434
linear,2028,125,MPTE,RMSE,1.1008808075883263
linear,2028,125,MPTE,MAE,0.8795250980198157
linear,2028,125,MPTE,DA,0.6506024096385542
linear,2028,125,AR,RMSE,1.1634004598715333
linear,2028,125,AR,MAE,0.9530167141931911
linear,2028,125,AR,DA,0.018072289156626505
linear,2028,125,MIDAS,RMSE,1.166078399142814
linear,2028,125,MIDAS,MAE,0.9446033415097457
linear,2028,125,MIDAS,DA,0.5301204819277109
linear,2028,125,AB1,RMSE,1.102384183864569
linear,2028,125,AB1,MAE,0.885967623752392
linear,2028,125,AB1,DA,0.6506024096385542
linear,2028,125,AB2,RMSE,1.1210557503238803
linear,2028,125,AB2,MAE,0.9015348032556298
linear,2028,125,AB2,DA,0.6144578313253012
linear,2028,125,AB3,RMSE,1.1133030717953423
linear,2028,125,AB3,MAE,0.9015069104985617
linear,2028,125,AB3,DA,0.5993975903614458
linear,2028,125,AB4,RMSE,1.1529262139541971
linear,2028,125,AB4,MAE,0.9430051682313749
linear,2028,125,AB4,DA,0.4759036144578313
linear,2028,125,AB5,RMSE,1.0983084986229599
linear,2028,125,AB5,MAE,0.8831085315205357
linear,2028,125,AB5,DA,0.6385542168674698
linear,2029,125,MPTE,RMSE,1.1586731653769402
linear,2029,125,MPTE,MAE,0.9250584962579007
linear,2029,125,MPTE,DA,0.7439759036144579
linear,2029,125,AR,RMSE,1.3682871452123817
linear,2029,125,AR,MAE,1.0966495047862523
linear,2029,125,AR,DA,0.0572289156626506
linear,2029,125,MIDAS,RMSE,1.1687568237961456
linear,2029,125,MIDAS,MAE,0.9207061330226306
linear,2029,125,MIDAS,DA,0.7168674698795181
linear,2029,125,AB1,RMSE,1.1267917261679468
linear,2029,125,AB1,MAE,0.9024522410083554
linear,2029,125,AB1,DA,0.7530120481927711
linear,2029,125,AB2,RMSE,1.1756028100502574
linear,2029,125,AB2,MAE,0.9503344976942248
linear,2029,125,AB2,DA,0.7319277108433735
linear,2029,125,AB3,RMSE,1.1074036507210492
linear,2029,125,AB3,MAE,0.8842829449379719
linear,2029,125,AB3,DA,0.7710843373493976
linear,2029,125,AB4,RMSE,1.3682224829282361
linear,2029,125,AB4,MAE,1.0940973313568956
linear,2029,125,AB4,DA,0.6024096385542169
linear,2029,125,AB5,RMSE,1.1587820907159918
linear,2029,125,AB5,MAE,0.9276846973922702
linear,2029,125,AB5,DA,0.7469879518072289
linear,2031,125,MPTE,RMSE,1.2947476776397644
linear,2031,125,MPTE,MAE,1.0362244916303938
linear,2031,125,MPTE,DA,0.6596385542168675
linear,2031,125,AR,RMSE,2.192659664239103
linear,2031,125,AR,MAE,1.7257990392329743
linear,2031,125,AR,DA,0.5572289156626506
linear,2031,125,MIDAS,RMSE,1.3423950952215198
linear,2031,125,MIDAS,MAE,1.0765011087523642
linear,2031,125,MIDAS,DA,0.6807228915662651
linear,2031,125,AB1,RMSE,1.3443764582440878
linear,2031,125,AB1,MAE,1.0649330089899784
linear,2031,125,AB1,DA,0.7018072289156626
linear,2031,125,AB2,RMSE,1.5136330168858878
linear,2031,125,AB2,MAE,1.2264104764532795
linear,2031,125,AB2,DA,0.6716867469879518
linear,2031,125,AB3,RMSE,1.3193234511697831
linear,2031,125,AB3,MAE,1.065526182052072
linear,2031,125,AB3,DA,0.6716867469879518
linear,2031,125,AB4,RMSE,2.204854798611443
linear,2031,125,AB4,MAE,1.745045564670514
linear,2031,125,AB4,DA,0.6234939759036144
linear,2031,125,AB5,RMSE,1.3847539090612642
linear,2031,125,AB5,MAE,1.1081828608779072
linear,2031,125,AB5,DA,0.6626506024096386
linear,2032,125,MPTE,RMSE,1.0770822901735535
linear,2032,125,MPTE,MAE,0.8578739595535044
linear,2032,125,MPTE,DA,0.6957831325301205
linear,2032,125,AR,RMSE,1.2359345751453696
linear,2032,125,AR,MAE,0.9892442283241127
linear,2032,125,AR,DA,0.024096385542168676
linear,2032,125,MIDAS,RMSE,1.1976618991859853
linear,2032,125,MIDAS,MAE,0.9641666758542827
linear,2032,125,MIDAS,DA,0.608433734939759
linear,2032,125,AB1,RMSE,1.1755317361814914
linear,2032,125,AB1,MAE,0.9376709234761804
linear,2032,125,AB1,DA,0.608433734939759
linear,2032,125,AB2,RMSE,1.1004690975289813
linear,2032,125,AB2,MAE,0.8846984951192207
linear,2032,125,AB2,DA,0.6656626506024096
linear,2032,125,AB3,RMSE,1.0887172192923642
linear,2032,125,AB3,MAE,0.873918656268309
linear,2032,125,AB3,DA,0.6837349397590361
linear,2032,125,AB4,RMSE,1.2397540597951844
linear,2032,125,AB4,MAE,0.9914853684808173
linear,2032,125,AB4,DA,0.48493975903614456
linear,2032,125,AB5,RMSE,1.1323082808756089
linear,2032,125,AB5,MAE,0.9113531072051148
linear,2032,125,AB5,DA,0.6626506024096386
linear,2033,125,MPTE,RMSE,1.138447773630715
linear,2033,125,MPTE,MAE,0.9233674087557501
linear,2033,125,MPTE,DA,0.6566265060240963
linear,2033,125,AR,RMSE,1.450046399788863
linear,2033,125,AR,MAE,1.175157590522876
linear,2033,125,AR,DA,0.37349397590361444
linear,2033,125,MIDAS,RMSE,1.1558382932945384
linear,2033,125,MIDAS,MAE,0.9403794124388434
linear,2033,125,MIDAS,DA,0.5933734939759037
linear,2033,125,AB1,RMSE,1.208661290896003
linear,2033,125,AB1,MAE,0.9867005941452984
linear,2033,125,AB1,DA,0.5753012048192772
linear,2033,125,AB2,RMSE,1.126634605515519
linear,2033,125,AB2,MAE,0.9164545915872265
linear,2033,125,AB2,DA,0.6054216867469879
linear,2033,125,AB3,RMSE,1.1089538337452403
linear,2033,125,AB3,MAE,0.9075588755080899
linear,2033,125,AB3,DA,0.6656626506024096
linear,2033,125,AB4,RMSE,1.32713701913516
linear,2033,125,AB4,MAE,1.0826681478631999
linear,2033,125,AB4,DA,0.5512048192771084
linear,2033,125,AB5,RMSE,1.2888501432233472
linear,2033,125,AB5,MAE,1.049972853432426
linear,2033,125,AB5,DA,0.5903614457831325
linear,2034,125,MPTE,RMSE,0.9953461771782837
linear,2034,125,MPTE,MAE,0.7987090281069502
linear,2034,125,MPTE,DA,0.7018072289156626
linear,2034,125,AR,RMSE,1.091565867492171
linear,2034,125,AR,MAE,0.8541547810451275
linear,2034,125,AR,DA,0.02710843373493976
linear,2034,125,MIDAS,RMSE,1.104397085545247
linear,2034,125,MIDAS,MAE,0.8628000935439408
linear,2034,125,MIDAS,DA,0.5632530120481928
linear,2034,125,AB1,RMSE,1.0445942912546318
linear,2034,125,AB1,MAE,0.8177893950150374
linear,2034,125,AB1,DA,0.6566265060240963
linear,2034,125,AB2,RMSE,1.1054348757835142
linear,2034,125,AB2,MAE,0.8659479150584773
linear,2034,125,AB2,DA,0.6234939759036144
linear,2034,125,AB3,RMSE,1.052021480343154
linear,2034,125,AB3,MAE,0.837959905785484
linear,2034,125,AB3,DA,0.6475903614457831
linear,2034,125,AB4,RMSE,1.087175104519673
linear,2034,125,AB4,MAE,0.8508558110864847
linear,2034,125,AB4,DA,0.5391566265060241
linear,2034,125,AB5,RMSE,1.0159573554600905
linear,2034,125,AB5,MAE,0.8071496261643714
linear,2034,125,AB5,DA,0.6957831325301205
linear,2035,125,MPTE,RMSE,1.4327370754867221
linear,2035,125,MPTE,MAE,1.1645779633093924
linear,2035,125,MPTE,DA,0.5
linear,2035,125,AR,RMSE,1.4288345974454153
linear,2035,125,AR,MAE,1.1603359649363043
linear,2035,125,AR,DA,0.024096385542168676
linear,2035,125,MIDAS,RMSE,1.4562645713155344
linear,2035,125,MIDAS,MAE,1.1828226501730486
linear,2035,125,MIDAS,DA,0.4759036144578313
linear,2035,125,AB1,RMSE,1.424069905708418
linear,2035,125,AB1,MAE,1.1541395085316488
linear,2035,125,AB1,DA,0.4578313253012048
linear,2035,125,AB2,RMSE,1.2621435946928594
linear,2035,125,AB2,MAE,1.0152117669248684
linear,2035,125,AB2,DA,0.6355421686746988
linear,2035,125,AB3,RMSE,1.2747323581431635
linear,2035,125,AB3,MAE,1.0191944504517485
linear,2035,125,AB3,DA,0.608433734939759
linear,2035,125,AB4,RMSE,1.4269036496146779
linear,2035,125,AB4,MAE,1.1582044921399022
linear,2035,125,AB4,DA,0.4126506024096386
linear,2035,125,AB5,RMSE,1.2526360788472033
linear,2035,125,AB5,MAE,0.9991960103467268
linear,2035,125,AB5,DA,0.6566265060240963
linear,2036,125,MPTE,RMSE,1.277781084499003
linear,2036,125,MPTE,MAE,1.0171483771049794
linear,2036,125,MPTE,DA,0.33433734939759036
linear,2036,125,AR,RMSE,1.268977662440742
linear,2036,125,AR,MAE,1.0110227577627986
linear,2036,125,AR,DA,0.02108433734939759
linear,2036,125,MIDAS,RMSE,1.334113814977125
linear,2036,125,MIDAS,MAE,1.0580043244545037
linear,2036,125,MIDAS,DA,0.5240963855421686
linear,2036,125,AB1,RMSE,1.2721878806823654
linear,2036,125,AB1,MAE,1.0128104262612034
linear,2036,125,AB1,DA,0.5090361445783133
linear,2036,125,AB2,RMSE,1.2818264680173292
linear,2036,125,AB2,MAE,1.018645014918167
linear,2036,125,AB2,DA,0.5030120481927711
linear,2036,125,AB3,RMSE,1.2719794484408167
linear,2036,125,AB3,MAE,1.0127152694730934
linear,2036,125,AB3,DA,0.46987951807228917
linear,2036,125,AB4,RMSE,1.2793932503444814
linear,2036,125,AB4,MAE,1.0176954389095862
linear,2036,125,AB4,DA,0.49698795180722893
linear,2036,125,AB5,RMSE,1.2744766028987573
linear,2036,125,AB5,MAE,1.011684304518952
linear,2036,125,AB5,DA,0.572289156626506
linear,2037,125,MPTE,RMSE,1.0718260891382458
linear,2037,125,MPTE,MAE,0.8576275280789425
linear,2037,125,MPTE,DA,0.6385542168674698
linear,2037,125,AR,RMSE,1.1644445678929676
linear,2037,125,AR,MAE,0.9541179535869567
linear,2037,125,AR,DA,0.012048192771084338
linear,2037,125,MIDAS,RMSE,1.1525077645638018
linear,2037,125,MIDAS,MAE,0.8999777228949213
linear,2037,125,MIDAS,DA,0.5632530120481928
linear,2037,125,AB1,RMSE,1.1314945741934135
linear,2037,125,AB1,MAE,0.92019446209926
linear,2037,125,AB1,DA,0.5451807228915663
linear,2037,125,AB2,RMSE,1.0919229012313252
linear,2037,125,AB2,MAE,0.8792768909395723
linear,2037,125,AB2,DA,0.5632530120481928
linear,2037,125,AB3,RMSE,1.0830029322184742
linear,2037,125,AB3,MAE,0.8718926140484815
linear,2037,125,AB3,DA,0.6656626506024096
linear,2037,125,AB4,RMSE,1.1311750154312412
linear,2037,125,AB4,MAE,0.91607194079261
linear,2037,125,AB4,DA,0.4789156626506024
linear,2037,125,AB5,RMSE,1.1062996946040082
linear,2037,125,AB5,MAE,0.9002831316216019
linear,2037,125,AB5,DA,0.6355421686746988
linear,2038,125,MPTE,RMSE,1.2392983951581658
linear,2038,125,MPTE,MAE,0.9770722548571402
linear,2038,125,MPTE,DA,0.5120481927710844
linear,2038,125,AR,RMSE,1.2368551386681212
linear,2038,125,AR,MAE,0.9752706980168069
linear,2038,125,AR,DA,0.06626506024096386
linear,2038,125,MIDAS,RMSE,1.1924651750964874
linear,2038,125,MIDAS,MAE,0.9313391197183187
linear,2038,125,MIDAS,DA,0.6054216867469879
linear,2038,125,AB1,RMSE,1.187810002513158
linear,2038,125,AB1,MAE,0.9265172537604028
linear,2038,125,AB1,DA,0.5843373493975904
linear,2038,125,AB2,RMSE,1.2211281142056876
linear,2038,125,AB2,MAE,0.9510353217633257
linear,2038,125,AB2,DA,0.5903614457831325
linear,2038,125,AB3,RMSE,1.2084005043360433
linear,2038,125,AB3,MAE,0.9459808608691817
linear,2038,125,AB3,DA,0.6054216867469879
linear,2038,125,AB4,RMSE,1.2412219904465014
linear,2038,125,AB4,MAE,0.9790742348370625
linear,2038,125,AB4,DA,0.4789156626506024
linear,2038,125,AB5,RMSE,1.1968543968819993
linear,2038,125,AB5,MAE,0.9338061316850012
linear,2038,125,AB5,DA,0.5873493975903614
linear,2039,125,MPTE,RMSE,1.179858459311289
linear,2039,125,MPTE,MAE,0.9479687445304504
linear,2039,125,MPTE,DA,0.6024096385542169
linear,2039,125,AR,RMSE,1.2904152854996425
linear,2039,125,AR,MAE,1.0334451304714352
linear,2039,125,AR,DA,0.045180722891566265
linear,2039,125,MIDAS,RMSE,1.237310540118228
linear,2039,125,MIDAS,MAE,1.011890214878728
linear,2039,125,MIDAS,DA,0.5783132530120482
linear,2039,125,AB1,RMSE,1.1135563790762515
linear,2039,125,AB1,MAE,0.8819898560487344
linear,2039,125,AB1,DA,0.6536144578313253
linear,2039,125,AB2,RMSE,1.1671407165722862
linear,2039,125,AB2,MAE,0.9374362408063722
linear,2039,125,AB2,DA,0.6114457831325302
linear,2039,125,AB3,RMSE,1.109135257584064
linear,2039,125,AB3,MAE,0.8887426417642608
linear,2039,125,AB3,DA,0.6385542168674698
linear,2039,125,AB4,RMSE,1.2879903034114126
linear,2039,125,AB4,MAE,1.0288292775932277
linear,2039,125,AB4,DA,0.5753012048192772
linear,2039,125,AB5,RMSE,1.1157913916351527
linear,2039,125,AB5,MAE,0.893297588642859
linear,2039,125,AB5,DA,0.6385542168674698
linear,2040,125,MPTE,RMSE,1.2204625409084837
linear,2040,125,MPTE,MAE,0.9654114249233574
linear,2040,125,MPTE,DA,0.6746987951807228
linear,2040,125,AR,RMSE,1.3549557490137736
linear,2040,125,AR,MAE,1.0616953455274099
linear,2040,125,AR,DA,0.21987951807228914
linear,2040,125,MIDAS,RMSE,1.2469611139062005
linear,2040,125,MIDAS,MAE,0.9902132225518115
linear,2040,125,MIDAS,DA,0.677710843373494
linear,2040,125,AB1,RMSE,1.154102215768962
linear,2040,125,AB1,MAE,0.9214409891809168
linear,2040,125,AB1,DA,0.7168674698795181
linear,2040,125,AB2,RMSE,1.2155224736460999
linear,2040,125,AB2,MAE,0.9612094710429058
linear,2040,125,AB2,DA,0.7168674698795181
linear,2040,125,AB3,RMSE,1.1698702743639904
linear,2040,125,AB3,MAE,0.921058597526496
linear,2040,125,AB3,DA,0.7168674698795181
linear,2040,125,AB4,RMSE,1.308736492270114
linear,2040,125,AB4,MAE,1.030146690496327
linear,2040,125,AB4,DA,0.7108433734939759
linear,2040,125,AB5,RMSE,1.1892551180905933
linear,2040,125,AB5,MAE,0.9383697404551375
linear,2040,125,AB5,DA,0.7168674698795181
linear,2041,125,MPTE,RMSE,1.3016560106218655
linear,2041,125,MPTE,MAE,1.0017651258899236
linear,2041,125,MPTE,DA,0.608433734939759
linear,2041,125,AR,RMSE,1.816371536901443
linear,2041,125,AR,MAE,1.4207175326883132
linear,2041,125,AR,DA,0.18072289156626506
linear,2041,125,MIDAS,RMSE,1.4088208661222281
linear,2041,125,MIDAS,MAE,1.1001343790284202
linear,2041,125,MIDAS,DA,0.5632530120481928
linear,2041,125,AB1,RMSE,1.35923137014958
linear,2041,125,AB1,MAE,1.0331911413500485
linear,2041,125,AB1,DA,0.6024096385542169
linear,2041,125,AB2,RMSE,1.3963524680445953
linear,2041,125,AB2,MAE,1.0854458783420735
linear,2041,125,AB2,DA,0.608433734939759
linear,2041,125,AB3,RMSE,1.3096272096779458
linear,2041,125,AB3,MAE,1.011128083819664
linear,2041,125,AB3,DA,0.641566265060241
linear,2041,125,AB4,RMSE,1.59289321376599
linear,2041,125,AB4,MAE,1.2424743890251537
linear,2041,125,AB4,DA,0.49096385542168675
linear,2041,125,AB5,RMSE,1.4502820889863053
linear,2041,125,AB5,MAE,1.1380218242274622
linear,2041,125,AB5,DA,0.6114457831325302
linear,2042,125,MPTE,RMSE,1.1935259468269985
linear,2042,125,MPTE,MAE,0.9636199509432353
linear,2042,125,MPTE,DA,0.5090361445783133
linear,2042,125,AR,RMSE,1.2598023254862178
linear,2042,125,AR,MAE,1.0059764864467127
linear,2042,125,AR,DA,0.024096385542168676
linear,2042,125,MIDAS,RMSE,1.2970414039147047
linear,2042,125,MIDAS,MAE,1.0348080448948451
linear,2042,125,MIDAS,DA,0.5120481927710844
linear,2042,125,AB1,RMSE,1.2091731398563876
linear,2042,125,AB1,MAE,0.9595314933573588
linear,2042,125,AB1,DA,0.5783132530120482
linear,2042,125,AB2,RMSE,1.2209666585068448
linear,2042,125,AB2,MAE,0.979158296768803
linear,2042,125,AB2,DA,0.5692771084337349
linear,2042,125,AB3,RMSE,1.2561268085722221
linear,2042,125,AB3,MAE,1.0035091452845604
linear,2042,125,AB3,DA,0.5391566265060241
linear,2042,125,AB4,RMSE,1.241139647137822
linear,2042,125,AB4,MAE,0.9951105903364957
linear,2042,125,AB4,DA,0.4939759036144578
linear,2042,125,AB5,RMSE,1.1961720444611847
linear,2042,125,AB5,MAE,0.9512425874091321
linear,2042,125,AB5,DA,0.4879518072289157
linear,2044,125,MPTE,RMSE,1.2703372334883827
linear,2044,125,MPTE,MAE,0.9867833811542334
linear,2044,125,MPTE,DA,0.4819277108433735
linear,2044,125,AR,RMSE,1.2720078152620988
linear,2044,125,AR,MAE,0.988202317787562
linear,2044,125,AR,DA,0.045180722891566265
linear,2044,125,MIDAS,RMSE,1.2456559293350382
linear,2044,125,MIDAS,MAE,0.9783030614268039
linear,2044,125,MIDAS,DA,0.5993975903614458
linear,2044,125,AB1,RMSE,1.2696828503395836
linear,2044,125,AB1,MAE,0.9867050705012047
linear,2044,125,AB1,DA,0.5090361445783133
linear,2044,125,AB2,RMSE,1.2719110071284392
linear,2044,125,AB2,MAE,0.9911024356529845
linear,2044,125,AB2,DA,0.4939759036144578
linear,2044,125,AB3,RMSE,1.2688356858111396
linear,2044,125,AB3,MAE,0.9864960513916675
linear,2044,125,AB3,DA,0.6867469879518072
linear,2044,125,AB4,RMSE,1.269738499661839
linear,2044,125,AB4,MAE,0.9872568569899295
linear,2044,125,AB4,DA,0.49096385542168675
linear,2044,125,AB5,RMSE,1.2676326364636912
linear,2044,125,AB5,MAE,0.9842237072770771
linear,2044,125,AB5,DA,0.6686746987951807
linear,2045,125,MPTE,RMSE,1.171796299789973
linear,2045,125,MPTE,MAE,0.9554594372138585
linear,2045,125,MPTE,DA,0.677710843373494
linear,2045,125,AR,RMSE,1.303953749638278
linear,2045,125,AR,MAE,1.0508843588915537
linear,2045,125,AR,DA,0.06626506024096386
linear,2045,125,MIDAS,RMSE,1.212983778957344
linear,2045,125,MIDAS,MAE,0.9659685413623621
linear,2045,125,MIDAS,DA,0.608433734939759
linear,2045,125,AB1,RMSE,1.1907241471153007
linear,2045,125,AB1,MAE,0.9605252182543219
linear,2045,125,AB1,DA,0.7289156626506024
linear,2045,125,AB2,RMSE,1.1870594962264713
linear,2045,125,AB2,MAE,0.9583070876320643
linear,2045,125,AB2,DA,0.713855421686747
linear,2045,125,AB3,RMSE,1.17049521098145
linear,2045,125,AB3,MAE,0.9391052904801782
linear,2045,125,AB3,DA,0.7259036144578314
linear,2045,125,AB4,RMSE,1.2586536270701985
linear,2045,125,AB4,MAE,1.0160386677396598
linear,2045,125,AB4,DA,0.6626506024096386
linear,2045,125,AB5,RMSE,1.1748470308357353
linear,2045,125,AB5,MAE,0.9555227814685616
linear,2045,125,AB5,DA,0.7259036144578314
linear,2046,125,MPTE,RMSE,1.200984772929464
linear,2046,125,MPTE,MAE,0.97289084384311
linear,2046,125,MPTE,DA,0.677710843373494
linear,2046,125,AR,RMSE,1.249153700100035
linear,2046,125,AR,MAE,1.0268403586560961
linear,2046,125,AR,DA,0.05421686746987952
linear,2046,125,MIDAS,RMSE,1.323680847859819
linear,2046,125,MIDAS,MAE,1.0824427940806984
linear,2046,125,MIDAS,DA,0.5753012048192772
linear,2046,125,AB1,RMSE,1.2490319498347695
linear,2046,125,AB1,MAE,1.0266649631663998
linear,2046,125,AB1,DA,0.4759036144578313
linear,2046,125,AB2,RMSE,1.2024820403010232
linear,2046,125,AB2,MAE,0.9663002052892566
linear,2046,125,AB2,DA,0.7289156626506024
linear,2046,125,AB3,RMSE,1.175365081656947
linear,2046,125,AB3,MAE,0.9222439386954542
linear,2046,125,AB3,DA,0.6957831325301205
linear,2046,125,AB4,RMSE,1.2513623757377015
linear,2046,125,AB4,MAE,1.0272162637844486
linear,2046,125,AB4,DA,0.5512048192771084
linear,2046,125,AB5,RMSE,1.1733772118446164
linear,2046,125,AB5,MAE,0.9140282773954774
linear,2046,125,AB5,DA,0.7018072289156626
linear,2048,125,MPTE,RMSE,1.1728203855698554
linear,2048,125,MPTE,MAE,0.9386350450693635
linear,2048,125,MPTE,DA,0.6295180722891566
linear,2048,125,AR,RMSE,1.2194270743698865
linear,2048,125,AR,MAE,0.9621260795220377
linear,2048,125,AR,DA,0.0
linear,2048,125,MIDAS,RMSE,1.2509482822658522
linear,2048,125,MIDAS,MAE,0.9890580424583326
linear,2048,125,MIDAS,DA,0.5512048192771084
linear,2048,125,AB1,RMSE,1.1879733854481864
linear,2048,125,AB1,MAE,0.9446612353107737
linear,2048,125,AB1,DA,0.5512048192771084
linear,2048,125,AB2,RMSE,1.2038881198677376
linear,2048,125,AB2,MAE,0.966035440918474
linear,2048,125,AB2,DA,0.6054216867469879
linear,2048,125,AB3,RMSE,1.182553017412308
linear,2048,125,AB3,MAE,0.9490452190734054
linear,2048,125,AB3,DA,0.5993975903614458
linear,2048,125,AB4,RMSE,1.2223948256680064
linear,2048,125,AB4,MAE,0.9780317378926195
linear,2048,125,AB4,DA,0.5301204819277109
linear,2048,125,AB5,RMSE,1.2020950315193677
linear,2048,125,AB5,MAE,0.9490791382684056
linear,2048,125,AB5,DA,0.6054216867469879
linear,2049,125,MPTE,RMSE,1.3229937776996947
linear,2049,125,MPTE,MAE,1.047857136752851
linear,2049,125,MPTE,DA,0.5210843373493976
linear,2049,125,AR,RMSE,1.4423144711027953
linear,2049,125,AR,MAE,1.1219504380932115
linear,2049,125,AR,DA,0.04819277108433735
linear,2049,125,MIDAS,RMSE,1.3743931736041373
linear,2049,125,MIDAS,MAE,1.0636352593376033
linear,2049,125,MIDAS,DA,0.5060240963855421
linear,2049,125,AB1,RMSE,1.3913542755965616
linear,2049,125,AB1,MAE,1.0926402155616184
linear,2049,125,AB1,DA,0.5150602409638554
linear,2049,125,AB2,RMSE,1.3421701453187977
linear,2049,125,AB2,MAE,1.050174258009869
linear,2049,125,AB2,DA,0.5481927710843374
linear,2049,125,AB3,RMSE,1.4009320252008433
linear,2049,125,AB3,MAE,1.1112618369889313
linear,2049,125,AB3,DA,0.4939759036144578
linear,2049,125,AB4,RMSE,1.3888137540353156
linear,2049,125,AB4,MAE,1.083794757557061
linear,2049,125,AB4,DA,0.5542168674698795
linear,2049,125,AB5,RMSE,1.3256603908601308
linear,2049,125,AB5,MAE,1.0400641342532393
linear,2049,125,AB5,DA,0.5210843373493976
linear,2050,125,MPTE,RMSE,1.2073861965459156
linear,2050,125,MPTE,MAE,0.9742879218634912
linear,2050,125,MPTE,DA,0.7981927710843374
linear,2050,125,AR,RMSE,1.657549588330134
linear,2050,125,AR,MAE,1.3152162603132334
linear,2050,125,AR,DA,0.0783132530120482
linear,2050,125,MIDAS,RMSE,1.2309381748068917
linear,2050,125,MIDAS,MAE,0.9953997040079783
linear,2050,125,MIDAS,DA,0.7680722891566265
linear,2050,125,AB1,RMSE,1.1964395985085077
linear,2050,125,AB1,MAE,0.9558092803619777
linear,2050,125,AB1,DA,0.8042168674698795
linear,2050,125,AB2,RMSE,1.1950794231032211
linear,2050,125,AB2,MAE,0.9640796895506871
linear,2050,125,AB2,DA,0.8072289156626506
linear,2050,125,AB3,RMSE,1.2445235393325988
linear,2050,125,AB3,MAE,0.9964690069665875
linear,2050,125,AB3,DA,0.7951807228915663
linear,2050,125,AB4,RMSE,1.617424791394396
linear,2050,125,AB4,MAE,1.2785445596518556
linear,2050,125,AB4,DA,0.6716867469879518
linear,2050,125,AB5,RMSE,1.2624814991534143
linear,2050,125,AB5,MAE,1.0245164794763533
linear,2050,125,AB5,DA,0.7560240963855421
linear,2052,125,MPTE,RMSE,1.169336046797206
linear,2052,125,MPTE,MAE,0.9297172631463606
linear,2052,125,MPTE,DA,0.49698795180722893
linear,2052,125,AR,RMSE,1.1701615526800233
linear,2052,125,AR,MAE,0.9309259131135648
linear,2052,125,AR,DA,0.018072289156626505
linear,2052,125,MIDAS,RMSE,1.1735934772769252
linear,2052,125,MIDAS,MAE,0.9257966786963221
linear,2052,125,MIDAS,DA,0.5542168674698795
linear,2052,125,AB1,RMSE,1.0937708008026725
linear,2052,125,AB1,MAE,0.865642906025891
linear,2052,125,AB1,DA,0.6054216867469879
linear,2052,125,AB2,RMSE,1.1693070469155957
linear,2052,125,AB2,MAE,0.9284797090153559
linear,2052,125,AB2,DA,0.46686746987951805
linear,2052,125,AB3,RMSE,1.0622364058646712
linear,2052,125,AB3,MAE,0.8352100567886173
linear,2052,125,AB3,DA,0.6325301204819277
linear,2052,125,AB4,RMSE,1.169535708782753
linear,2052,125,AB4,MAE,0.9299740064355141
linear,2052,125,AB4,DA,0.4578313253012048
linear,2052,125,AB5,RMSE,1.051275433667641
linear,2052,125,AB5,MAE,0.8457371458155579
linear,2052,125,AB5,DA,0.6626506024096386
linear,2053,125,MPTE,RMSE,1.12617043344406
linear,2053,125,MPTE,MAE,0.897430218196255
linear,2053,125,MPTE,DA,0.5150602409638554
linear,2053,125,AR,RMSE,1.1247974767491602
linear,2053,125,AR,MAE,0.8966507917303629
linear,2053,125,AR,DA,0.0572289156626506
linear,2053,125,MIDAS,RMSE,1.1881456308541347
linear,2053,125,MIDAS,MAE,0.9491533880281616
linear,2053,125,MIDAS,DA,0.5060240963855421
linear,2053,125,AB1,RMSE,1.131953601263871
linear,2053,125,AB1,MAE,0.9023629207487011
linear,2053,125,AB1,DA,0.4939759036144578
linear,2053,125,AB2,RMSE,1.1097093699889387
linear,2053,125,AB2,MAE,0.886120621739263
linear,2053,125,AB2,DA,0.49096385542168675
linear,2053,125,AB3,RMSE,1.1303976582765796
linear,2053,125,AB3,MAE,0.900871875675024
linear,2053,125,AB3,DA,0.49096385542168675
linear,2053,125,AB4,RMSE,1.1262650443348312
linear,2053,125,AB4,MAE,0.8974309175737877
linear,2053,125,AB4,DA,0.5090361445783133
linear,2053,125,AB5,RMSE,1.0638319042467619
linear,2053,125,AB5,MAE,0.8376996673484762
linear,2053,125,AB5,DA,0.5632530120481928
linear,2054,125,MPTE,RMSE,1.1242403442019548
linear,2054,125,MPTE,MAE,0.8978882505564473
linear,2054,125,MPTE,DA,0.6897590361445783
linear,2054,125,AR,RMSE,1.1927728905140826
linear,2054,125,AR,MAE,0.9557608581007864
linear,2054,125,AR,DA,0.03313253012048193
linear,2054,125,MIDAS,RMSE,1.2287250751242194
linear,2054,125,MIDAS,MAE,0.9842547907310732
linear,2054,125,MIDAS,DA,0.5542168674698795
linear,2054,125,AB1,RMSE,1.192837596317927
linear,2054,125,AB1,MAE,0.9532559606087238
linear,2054,125,AB1,DA,0.5572289156626506
linear,2054,125,AB2,RMSE,1.1945775424562657
linear,2054,125,AB2,MAE,0.9532444542176265
linear,2054,125,AB2,DA,0.5271084337349398
linear,2054,125,AB3,RMSE,1.19246023840051
linear,2054,125,AB3,MAE,0.9548687787076019
linear,2054,125,AB3,DA,0.5542168674698795
linear,2054,125,AB4,RMSE,1.206771746660866
linear,2054,125,AB4,MAE,0.9625974574266067
linear,2054,125,AB4,DA,0.6024096385542169
linear,2054,125,AB5,RMSE,1.1463797879079642
linear,2054,125,AB5,MAE,0.9018483523080281
linear,2054,125,AB5,DA,0.6897590361445783
linear,2055,125,MPTE,RMSE,1.0730298336454782
linear,2055,125,MPTE,MAE,0.8640365709564891
linear,2055,125,MPTE,DA,0.5662650602409639
linear,2055,125,AR,RMSE,1.128498451550409
linear,2055,125,AR,MAE,0.9130609028621873
linear,2055,125,AR,DA,0.024096385542168676
linear,2055,125,MIDAS,RMSE,1.1639388942944893
linear,2055,125,MIDAS,MAE,0.949844304387028
linear,2055,125,MIDAS,DA,0.48493975903614456
linear,2055,125,AB1,RMSE,1.1460235254369429
linear,2055,125,AB1,MAE,0.9266384580540131
linear,2055,125,AB1,DA,0.5271084337349398
linear,2055,125,AB2,RMSE,1.1439080639584045
linear,2055,125,AB2,MAE,0.9201003715032732
linear,2055,125,AB2,DA,0.5873493975903614
linear,2055,125,AB3,RMSE,1.1436277451936967
linear,2055,125,AB3,MAE,0.9248710595184083
linear,2055,125,AB3,DA,0.5301204819277109
linear,2055,125,AB4,RMSE,1.1328558238687618
linear,2055,125,AB4,MAE,0.9183083551070037
linear,2055,125,AB4,DA,0.5391566265060241
linear,2055,125,AB5,RMSE,1.087100237237181
linear,2055,125,AB5,MAE,0.878603793285186
linear,2055,125,AB5,DA,0.5512048192771084
linear,2056,125,MPTE,RMSE,1.1137828127380707
linear,2056,125,MPTE,MAE,0.8900025541478589
linear,2056,125,MPTE,DA,0.6144578313253012
linear,2056,125,AR,RMSE,1.2232047765737315
linear,2056,125,AR,MAE,0.9610718747315137
linear,2056,125,AR,DA,0.06325301204819277
linear,2056,125,MIDAS,RMSE,1.1340269935012528
linear,2056,125,MIDAS,MAE,0.9124258009507337
linear,2056,125,MIDAS,DA,0.6234939759036144
linear,2056,125,AB1,RMSE,1.1476453828697526
linear,2056,125,AB1,MAE,0.9299320081687511
linear,2056,125,AB1,DA,0.6355421686746988
linear,2056,125,AB2,RMSE,1.15833022851645
linear,2056,125,AB2,MAE,0.9332783057774651
linear,2056,125,AB2,DA,0.6656626506024096
linear,2056,125,AB3,RMSE,1.177528927928204
linear,2056,125,AB3,MAE,0.9359060863855349
linear,2056,125,AB3,DA,0.5873493975903614
linear,2056,125,AB4,RMSE,1.1952358642670673
linear,2056,125,AB4,MAE,0.9477945947122872
linear,2056,125,AB4,DA,0.6475903614457831
linear,2056,125,AB5,RMSE,1.1653655897345214
linear,2056,125,AB5,MAE,0.9173380494088685
linear,2056,125,AB5,DA,0.6144578313253012
linear,2057,125,MPTE,RMSE,1.2060067323355066
linear,2057,125,MPTE,MAE,0.9464459557113366
linear,2057,125,MPTE,DA,0.6234939759036144
linear,2057,125,AR,RMSE,1.376960096538859
linear,2057,125,AR,MAE,1.08187760461064
linear,2057,125,AR,DA,0.05120481927710843
linear,2057,125,MIDAS,RMSE,1.303313068132151
linear,2057,125,MIDAS,MAE,1.0329260184951652
linear,2057,125,MIDAS,DA,0.6204819277108434
linear,2057,125,AB1,RMSE,1.3715699990293488
linear,2057,125,AB1,MAE,1.083735841107207
linear,2057,125,AB1,DA,0.536144578313253
linear,2057,125,AB2,RMSE,1.2749176818185342
linear,2057,125,AB2,MAE,1.0058045283054957
linear,2057,125,AB2,DA,0.6295180722891566
linear,2057,125,AB3,RMSE,1.2448908688401679
linear,2057,125,AB3,MAE,0.9823630391537121
linear,2057,125,AB3,DA,0.6265060240963856
linear,2057,125,AB4,RMSE,1.3802249307339558
linear,2057,125,AB4,MAE,1.082005335496778
linear,2057,125,AB4,DA,0.5331325301204819
linear,2057,125,AB5,RMSE,1.2318318177550662
linear,2057,125,AB5,MAE,0.9623334888785811
linear,2057,125,AB5,DA,0.6536144578313253
linear,2058,125,MPTE,RMSE,1.3114268066754795
linear,2058,125,MPTE,MAE,1.055934290144367
linear,2058,125,MPTE,DA,0.5180722891566265
linear,2058,125,AR,RMSE,1.3127507634968865
linear,2058,125,AR,MAE,1.0578005339412617
linear,2058,125,AR,DA,0.030120481927710843
linear,2058,125,MIDAS,RMSE,1.2638774922516618
linear,2058,125,MIDAS,MAE,0.9908817193690574
linear,2058,125,MIDAS,DA,0.608433734939759
linear,2058,125,AB1,RMSE,1.3139882052319243
linear,2058,125,AB1,MAE,1.0595741425132306
linear,2058,125,AB1,DA,0.46987951807228917
linear,2058,125,AB2,RMSE,1.3142515415684364
linear,2058,125,AB2,MAE,1.0600545658604594
linear,2058,125,AB2,DA,0.49698795180722893
linear,2058,125,AB3,RMSE,1.1874068118814007
linear,2058,125,AB3,MAE,0.9359434070063883
linear,2058,125,AB3,DA,0.5933734939759037
linear,2058,125,AB4,RMSE,1.3274879060914053
linear,2058,125,AB4,MAE,1.0611179335493066
linear,2058,125,AB4,DA,0.5060240963855421
linear,2058,125,AB5,RMSE,1.2133964028572066
linear,2058,125,AB5,MAE,0.963640932974726
linear,2058,125,AB5,DA,0.572289156626506
linear,2059,125,MPTE,RMSE,1.1150165504101828
linear,2059,125,MPTE,MAE,0.8755276247010502
linear,2059,125,MPTE,DA,0.9006024096385542
linear,2059,125,AR,RMSE,2.744043761359998
linear,2059,125,AR,MAE,2.1399288685735476
linear,2059,125,AR,DA,0.7740963855421686
linear,2059,125,MIDAS,RMSE,1.1911664280978331
linear,2059,125,MIDAS,MAE,0.9228179347035954
linear,2059,125,MIDAS,DA,0.8795180722891566
linear,2059,125,AB1,RMSE,1.1674692463669498
linear,2059,125,AB1,MAE,0.9226367564262711
linear,2059,125,AB1,DA,0.9006024096385542
linear,2059,125,AB2,RMSE,1.1104917768577636
linear,2059,125,AB2,MAE,0.8734676639565956
linear,2059,125,AB2,DA,0.8855421686746988
linear,2059,125,AB3,RMSE,1.1452377600162102
linear,2059,125,AB3,MAE,0.9047496109964843
linear,2059,125,AB3,DA,0.8975903614457831
linear,2059,125,AB4,RMSE,1.6164565741759778
linear,2059,125,AB4,MAE,1.2812518944681766
linear,2059,125,AB4,DA,0.8704819277108434
linear,2059,125,AB5,RMSE,1.2647931018804286
linear,2059,125,AB5,MAE,0.9779596336557399
linear,2059,125,AB5,DA,0.8855421686746988
linear,2060,125,MPTE,RMSE,1.0257188881334938
linear,2060,125,MPTE,MAE,0.8300136588869056
linear,2060,125,MPTE,DA,0.6987951807228916
linear,2060,125,AR,RMSE,1.1695495993298406
linear,2060,125,AR,MAE,0.9430563744767182
linear,2060,125,AR,DA,0.02108433734939759
linear,2060,125,MIDAS,RMSE,1.189245007612626
linear,2060,125,MIDAS,MAE,0.956451163984982
linear,2060,125,MIDAS,DA,0.5632530120481928
linear,2060,125,AB1,RMSE,1.186674496746275
linear,2060,125,AB1,MAE,0.9592785001540144
linear,2060,125,AB1,DA,0.5331325301204819
linear,2060,125,AB2,RMSE,1.0816909756094941
linear,2060,125,AB2,MAE,0.8871512118005186
linear,2060,125,AB2,DA,0.6927710843373494
linear,2060,125,AB3,RMSE,1.0503040621737096
linear,2060,125,AB3,MAE,0.8443049967963625
linear,2060,125,AB3,DA,0.7048192771084337
linear,2060,125,AB4,RMSE,1.1538763441547237
linear,2060,125,AB4,MAE,0.9300625982105242
linear,2060,125,AB4,DA,0.6626506024096386
linear,2060,125,AB5,RMSE,1.0548577969870487
linear,2060,125,AB5,MAE,0.8450357418517215
linear,2060,125,AB5,DA,0.6987951807228916
linear,2061,125,MPTE,RMSE,1.1850126604007851
linear,2061,125,MPTE,MAE,0.9469761984390723
linear,2061,125,MPTE,DA,0.9548192771084337
linear,2061,125,AR,RMSE,3.83771428186558
linear,2061,125,AR,MAE,2.935445004540758
linear,2061,125,AR,DA,0.39759036144578314
linear,2061,125,MIDAS,RMSE,1.2457105992688033
linear,2061,125,MIDAS,MAE,0.9958210905247218
linear,2061,125,MIDAS,DA,0.9096385542168675
linear,2061,125,AB1,RMSE,1.1178713281408106
linear,2061,125,AB1,MAE,0.899974427697047
linear,2061,125,AB1,DA,0.9518072289156626
linear,2061,125,AB2,RMSE,1.140560247248103
linear,2061,125,AB2,MAE,0.9263305949567813
linear,2061,125,AB2,DA,0.9427710843373494
linear,2061,125,AB3,RMSE,1.2305189633419429
linear,2061,125,AB3,MAE,0.9914320874575508
linear,2061,125,AB3,DA,0.9397590361445783
linear,2061,125,AB4,RMSE,1.7180009006248032
linear,2061,125,AB4,MAE,1.4003764750738972
linear,2061,125,AB4,DA,0.9066265060240963
linear,2061,125,AB5,RMSE,1.3746669105286344
linear,2061,125,AB5,MAE,1.0811348316244862
linear,2061,125,AB5,DA,0.9216867469879518
linear,2062,125,MPTE,RMSE,1.266732750528842
linear,2062,125,MPTE,MAE,0.9986106148297986
linear,2062,125,MPTE,DA,0.5933734939759037
linear,2062,125,AR,RMSE,1.899902393935439
linear,2062,125,AR,MAE,1.4935525130982819
linear,2062,125,AR,DA,0.14457831325301204
linear,2062,125,MIDAS,RMSE,1.2892584782001528
linear,2062,125,MIDAS,MAE,1.0297072060638714
linear,2062,125,MIDAS,DA,0.6385542168674698
linear,2062,125,AB1,RMSE,1.299772486668505
linear,2062,125,AB1,MAE,1.0284219879560699
linear,2062,125,AB1,DA,0.6054216867469879
linear,2062,125,AB2,RMSE,1.2249054724846151
linear,2062,125,AB2,MAE,0.9728928474739414
linear,2062,125,AB2,DA,0.6445783132530121
linear,2062,125,AB3,RMSE,1.263491842520399
linear,2062,125,AB3,MAE,1.003493348253935
linear,2062,125,AB3,DA,0.5993975903614458
linear,2062,125,AB4,RMSE,1.731474580074099
linear,2062,125,AB4,MAE,1.377575940038202
linear,2062,125,AB4,DA,0.5391566265060241
linear,2062,125,AB5,RMSE,1.3662640489089897
linear,2062,125,AB5,MAE,1.0793334347045243
linear,2062,125,AB5,DA,0.5903614457831325
linear,2063,125,MPTE,RMSE,1.0549514192647174
linear,2063,125,MPTE,MAE,0.8376219842834802
linear,2063,125,MPTE,DA,0.3855421686746988
linear,2063,125,AR,RMSE,1.0474233548884073
linear,2063,125,AR,MAE,0.8354250302196661
linear,2063,125,AR,DA,0.024096385542168676
linear,2063,125,MIDAS,RMSE,1.0931775515502093
linear,2063,125,MIDAS,MAE,0.8668947211321418
linear,2063,125,MIDAS,DA,0.5090361445783133
linear,2063,125,AB1,RMSE,1.0529548845847783
linear,2063,125,AB1,MAE,0.8396025702017289
linear,2063,125,AB1,DA,0.4186746987951807
linear,2063,125,AB2,RMSE,1.0785524505360655
linear,2063,125,AB2,MAE,0.8593116348100347
linear,2063,125,AB2,DA,0.45481927710843373
linear,2063,125,AB3,RMSE,1.0561910670340735
linear,2063,125,AB3,MAE,0.8411126857408227
linear,2063,125,AB3,DA,0.5783132530120482
linear,2063,125,AB4,RMSE,1.0686788122429427
linear,2063,125,AB4,MAE,0.8507067872565667
linear,2063,125,AB4,DA,0.4126506024096386
linear,2063,125,AB5,RMSE,1.0701303789509706
linear,2063,125,AB5,MAE,0.8554231219879777
linear,2063,125,AB5,DA,0.3704819277108434
linear,2064,125,MPTE,RMSE,1.2460055978671463
linear,2064,125,MPTE,MAE,0.9900030058559743
linear,2064,125,MPTE,DA,0.5572289156626506
linear,2064,125,AR,RMSE,1.2464498202513068
linear,2064,125,AR,MAE,0.9898154338392154
linear,2064,125,AR,DA,0.06626506024096386
linear,2064,125,MIDAS,RMSE,1.232344123498688
linear,2064,125,MIDAS,MAE,0.9703685756481732
linear,2064,125,MIDAS,DA,0.6234939759036144
linear,2064,125,AB1,RMSE,1.219147368935542
linear,2064,125,AB1,MAE,0.9600734245194062
linear,2064,125,AB1,DA,0.5813253012048193
linear,2064,125,AB2,RMSE,1.2541917893256243
linear,2064,125,AB2,MAE,0.9984277743110086
linear,2064,125,AB2,DA,0.572289156626506
linear,2064,125,AB3,RMSE,1.2074268678165736
linear,2064,125,AB3,MAE,0.9560261940231779
linear,2064,125,AB3,DA,0.6385542168674698
linear,2064,125,AB4,RMSE,1.246134932314446
linear,2064,125,AB4,MAE,0.990004357115757
linear,2064,125,AB4,DA,0.5542168674698795
linear,2064,125,AB5,RMSE,1.2475047364617247
linear,2064,125,AB5,MAE,0.9909271996437325
linear,2064,125,AB5,DA,0.5753012048192772
linear,2065,125,MPTE,RMSE,1.190795827419888
linear,2065,125,MPTE,MAE,0.9583187105629111
linear,2065,125,MPTE,DA,0.4759036144578313
linear,2065,125,AR,RMSE,1.1927064769194093
linear,2065,125,AR,MAE,0.9607457619420307
linear,2065,125,AR,DA,0.0391566265060241
linear,2065,125,MIDAS,RMSE,1.1792561888990376
linear,2065,125,MIDAS,MAE,0.9259653582118905
linear,2065,125,MIDAS,DA,0.6234939759036144
linear,2065,125,AB1,RMSE,1.1450105932806642
linear,2065,125,AB1,MAE,0.9184367954918314
linear,2065,125,AB1,DA,0.5963855421686747
linear,2065,125,AB2,RMSE,1.1218448926922022
linear,2065,125,AB2,MAE,0.8894360086527167
linear,2065,125,AB2,DA,0.6656626506024096
linear,2065,125,AB3,RMSE,1.0571195323229265
linear,2065,125,AB3,MAE,0.8488746075623043
linear,2065,125,AB3,DA,0.6957831325301205
linear,2065,125,AB4,RMSE,1.1745546686908765
linear,2065,125,AB4,MAE,0.9448893313140875
linear,2065,125,AB4,DA,0.608433734939759
linear,2065,125,AB5,RMSE,1.093719196769885
linear,2065,125,AB5,MAE,0.8763468607839885
linear,2065,125,AB5,DA,0.6867469879518072
linear,2066,125,AB1,RMSE,1.1763137936139596
linear,2066,125,AB1,MAE,0.9475467551374529
linear,2066,125,AB1,DA,0.7349397590361446
linear,2066,125,AB2,RMSE,1.2549504472267476
linear,2066,125,AB2,MAE,1.000049503936973
linear,2066,125,AB2,DA,0.677710843373494
linear,2066,125,AB3,RMSE,1.162918845592492
linear,2066,125,AB3,MAE,0.9140467446957546
linear,2066,125,AB3,DA,0.713855421686747
linear,2066,125,AB4,RMSE,1.2863520708259029
linear,2066,125,AB4,MAE,1.0250270519553553
linear,2066,125,AB4,DA,0.5421686746987951
linear,2066,125,AB5,RMSE,1.1571076148104809
linear,2066,125,AB5,MAE,0.9150586769976209
linear,2066,125,AB5,DA,0.7289156626506024
linear,2067,125,MPTE,RMSE,1.1271703371921833
linear,2067,125,MPTE,MAE,0.9049168668394342
linear,2067,125,MPTE,DA,0.5692771084337349
linear,2067,125,AR,RMSE,1.2133592678355376
linear,2067,125,AR,MAE,0.9777297733134306
linear,2067,125,AR,DA,0.07530120481927711
linear,2067,125,MIDAS,RMSE,1.2606720716003825
linear,2067,125,MIDAS,MAE,1.0034523300635074
linear,2067,125,MIDAS,DA,0.5301204819277109
linear,2067,125,AB1,RMSE,1.1807583900214265
linear,2067,125,AB1,MAE,0.9505633114207953
linear,2067,125,AB1,DA,0.49096385542168675
linear,2067,125,AB2,RMSE,1.2221510107248723
linear,2067,125,AB2,MAE,0.98319915298209
linear,2067,125,AB2,DA,0.5030120481927711
linear,2067,125,AB3,RMSE,1.2199054665114848
linear,2067,125,AB3,MAE,0.9817508753085451
linear,2067,125,AB3,DA,0.5753012048192772
linear,2067,125,AB4,RMSE,1.2130612880064964
linear,2067,125,AB4,MAE,0.9595481156457583
linear,2067,125,AB4,DA,0.5632530120481928
linear,2067,125,AB5,RMSE,1.0914016113091811
linear,2067,125,AB5,MAE,0.8728608064107393
linear,2067,125,AB5,DA,0.6325301204819277
linear,2068,125,MPTE,RMSE,1.0892877481151464
linear,2068,125,MPTE,MAE,0.8577078037876341
linear,2068,125,MPTE,DA,0.5090361445783133
linear,2068,125,AR,RMSE,1.1367256067240648
linear,2068,125,AR,MAE,0.8911270658436146
linear,2068,125,AR,DA,0.03614457831325301
linear,2068,125,MIDAS,RMSE,1.1847364162172254
linear,2068,125,MIDAS,MAE,0.9162679416958251
linear,2068,125,MIDAS,DA,0.5090361445783133
linear,2068,125,AB1,RMSE,1.0966442915103187
linear,2068,125,AB1,MAE,0.864773100019311
linear,2068,125,AB1,DA,0.5481927710843374
linear,2068,125,AB2,RMSE,1.0924032703710251
linear,2068,125,AB2,MAE,0.8588661818319787
linear,2068,125,AB2,DA,0.5572289156626506
linear,2068,125,AB3,RMSE,1.0705104053409813
linear,2068,125,AB3,MAE,0.8364472957159087
linear,2068,125,AB3,DA,0.5602409638554217
linear,2068,125,AB4,RMSE,1.1113878573534517
linear,2068,125,AB4,MAE,0.8807564091499684
linear,2068,125,AB4,DA,0.5030120481927711
linear,2068,125,AB5,RMSE,1.0928876324301176
linear,2068,125,AB5,MAE,0.8604937463894855
linear,2068,125,AB5,DA,0.4879518072289157
linear,2069,125,MPTE,RMSE,1.2282958993807573
linear,2069,125,MPTE,MAE,1.0068153390680972
linear,2069,125,MPTE,DA,0.7680722891566265
linear,2069,125,AR,RMSE,1.2936041164872545
linear,2069,125,AR,MAE,1.0613375311718383
linear,2069,125,AR,DA,0.0391566265060241
linear,2069,125,MIDAS,RMSE,1.188982762983197
linear,2069,125,MIDAS,MAE,0.9674245479350914
linear,2069,125,MIDAS,DA,0.6746987951807228
linear,2069,125,AB1,RMSE,1.1635060565036766
linear,2069,125,AB1,MAE,0.9539252329793166
linear,2069,125,AB1,DA,0.7530120481927711
linear,2069,125,AB2,RMSE,1.2219308842307472
linear,2069,125,AB2,MAE,1.006985720561833
linear,2069,125,AB2,DA,0.713855421686747
linear,2069,125,AB3,RMSE,1.2748607446179083
linear,2069,125,AB3,MAE,1.0460443610981265
linear,2069,125,AB3,DA,0.7018072289156626
linear,2069,125,AB4,RMSE,1.289990822333128
linear,2069,125,AB4,MAE,1.0566638549783125
linear,2069,125,AB4,DA,0.5602409638554217
linear,2069,125,AB5,RMSE,1.2114356054708875
linear,2069,125,AB5,MAE,0.9953982622052819
linear,2069,125,AB5,DA,0.7018072289156626
linear,2070,125,MPTE,RMSE,1.2404089233470743
linear,2070,125,MPTE,MAE,0.9868135177430355
linear,2070,125,MPTE,DA,0.6536144578313253
linear,2070,125,AR,RMSE,1.269995873006483
linear,2070,125,AR,MAE,1.0127444028533805
linear,2070,125,AR,DA,0.08734939759036145
linear,2070,125,MIDAS,RMSE,1.2469490540200197
linear,2070,125,MIDAS,MAE,1.0078437601858345
linear,2070,125,MIDAS,DA,0.5993975903614458
linear,2070,125,AB1,RMSE,1.2384682350534675
linear,2070,125,AB1,MAE,1.0014521947690527
linear,2070,125,AB1,DA,0.5602409638554217
linear,2070,125,AB2,RMSE,1.2440836905129735
linear,2070,125,AB2,MAE,1.0060903838008295
linear,2070,125,AB2,DA,0.572289156626506
linear,2070,125,AB3,RMSE,1.2298514459429175
linear,2070,125,AB3,MAE,0.9924145393552833
linear,2070,125,AB3,DA,0.6234939759036144
linear,2070,125,AB4,RMSE,1.2854488251609346
linear,2070,125,AB4,MAE,1.044204041858196
linear,2070,125,AB4,DA,0.49698795180722893
linear,2070,125,AB5,RMSE,1.257283553944119
linear,2070,125,AB5,MAE,1.0198905119720907
linear,2070,125,AB5,DA,0.5572289156626506
linear,2071,125,MPTE,RMSE,1.097632610220346
linear,2071,125,MPTE,MAE,0.8630350176213742
linear,2071,125,MPTE,DA,0.8072289156626506
linear,2071,125,AR,RMSE,1.4212883437351507
linear,2071,125,AR,MAE,1.1187501532482664
linear,2071,125,AR,DA,0.02108433734939759
linear,2071,125,MIDAS,RMSE,1.1803232595430224
linear,2071,125,MIDAS,MAE,0.9375344614168184
linear,2071,125,MIDAS,DA,0.7740963855421686
linear,2071,125,AB1,RMSE,1.158326963216485
linear,2071,125,AB1,MAE,0.9032039570144141
linear,2071,125,AB1,DA,0.7771084337349398
linear,2071,125,AB2,RMSE,1.1234506145157035
linear,2071,125,AB2,MAE,0.8731771495627967
linear,2071,125,AB2,DA,0.8042168674698795
linear,2071,125,AB3,RMSE,1.1003060227944028
linear,2071,125,AB3,MAE,0.8659733086408612
linear,2071,125,AB3,DA,0.7921686746987951
linear,2071,125,AB4,RMSE,1.3942963943935593
linear,2071,125,AB4,MAE,1.093829454089893
linear,2071,125,AB4,DA,0.6506024096385542
linear,2071,125,AB5,RMSE,1.1767643767317042
linear,2071,125,AB5,MAE,0.9248224604550004
linear,2071,125,AB5,DA,0.7469879518072289
linear,2072,125,MPTE,RMSE,1.1400615132721672
linear,2072,125,MPTE,MAE,0.9104932577328534
linear,2072,125,MPTE,DA,0.4307228915662651
linear,2072,125,AR,RMSE,1.1422885164418874
linear,2072,125,AR,MAE,0.912570280294453
linear,2072,125,AR,DA,0.03614457831325301
linear,2072,125,MIDAS,RMSE,1.0880573923305643
linear,2072,125,MIDAS,MAE,0.8621465971007459
linear,2072,125,MIDAS,DA,0.5933734939759037
linear,2072,125,AB1,RMSE,1.1414142955932483
linear,2072,125,AB1,MAE,0.9101146772545905
linear,2072,125,AB1,DA,0.4126506024096386
linear,2072,125,AB2,RMSE,1.0190747355288896
linear,2072,125,AB2,MAE,0.8041741294192931
linear,2072,125,AB2,DA,0.5391566265060241
linear,2072,125,AB3,RMSE,1.0307837568481009
linear,2072,125,AB3,MAE,0.8150263028301172
linear,2072,125,AB3,DA,0.5421686746987951
linear,2072,125,AB4,RMSE,1.1390517240656064
linear,2072,125,AB4,MAE,0.9092064833526067
linear,2072,125,AB4,DA,0.5180722891566265
linear,2072,125,AB5,RMSE,1.083006438893571
linear,2072,125,AB5,MAE,0.8757631790044687
linear,2072,125,AB5,DA,0.4759036144578313
linear,2073,125,MPTE,RMSE,1.1708642084325627
linear,2073,125,MPTE,MAE,0.9265530163990112
linear,2073,125,MPTE,DA,0.5481927710843374
linear,2073,125,AR,RMSE,1.208838584473113
linear,2073,125,AR,MAE,0.9579755660329664
linear,2073,125,AR,DA,0.0030120481927710845
linear,2073,125,MIDAS,RMSE,1.1884733734786361
linear,2073,125,MIDAS,MAE,0.971748629445982
linear,2073,125,MIDAS,DA,0.5813253012048193
linear,2073,125,AB1,RMSE,1.2065819869145473
linear,2073,125,AB1,MAE,0.9559489536022862
linear,2073,125,AB1,DA,0.5451807228915663
linear,2073,125,AB2,RMSE,1.207166715570911
linear,2073,125,AB2,MAE,0.9555951508397614
linear,2073,125,AB2,DA,0.5632530120481928
linear,2073,125,AB3,RMSE,1.0838358589920312
linear,2073,125,AB3,MAE,0.8589275999590485
linear,2073,125,AB3,DA,0.6867469879518072
linear,2073,125,AB4,RMSE,1.2094346677461
linear,2073,125,AB4,MAE,0.9589110900407752
linear,2073,125,AB4,DA,0.4397590361445783
linear,2073,125,AB5,RMSE,1.1044681082570582
linear,2073,125,AB5,MAE,0.8720369826877418
linear,2073,125,AB5,DA,0.6957831325301205
linear,2074,125,MPTE,RMSE,1.0214480836602062
linear,2074,125,MPTE,MAE,0.8203964409141448
linear,2074,125,MPTE,DA,0.7048192771084337
linear,2074,125,AR,RMSE,1.1239978066651068
linear,2074,125,AR,MAE,0.9013173362205797
linear,2074,125,AR,DA,0.03313253012048193
linear,2074,125,MIDAS,RMSE,1.117880742111959
linear,2074,125,MIDAS,MAE,0.8958929400990314
linear,2074,125,MIDAS,DA,0.5753012048192772
linear,2074,125,AB1,RMSE,1.0507956274001902
linear,2074,125,AB1,MAE,0.8436821478122943
linear,2074,125,AB1,DA,0.6626506024096386
linear,2074,125,AB2,RMSE,1.0399469119072227
linear,2074,125,AB2,MAE,0.8262497308940706
linear,2074,125,AB2,DA,0.6265060240963856
linear,2074,125,AB3,RMSE,1.095285503294581
linear,2074,125,AB3,MAE,0.8783972635648942
linear,2074,125,AB3,DA,0.6626506024096386
linear,2074,125,AB4,RMSE,1.126493187322331
linear,2074,125,AB4,MAE,0.9030217851296446
linear,2074,125,AB4,DA,0.5421686746987951
linear,2074,125,AB5,RMSE,1.0455538746214101
linear,2074,125,AB5,MAE,0.8497223892715253
linear,2074,125,AB5,DA,0.7228915662650602
linear,2075,125,MPTE,RMSE,1.187401986520581
linear,2075,125,MPTE,MAE,0.9327806783710921
linear,2075,125,MPTE,DA,0.6596385542168675
linear,2075,125,AR,RMSE,1.268849757716076
linear,2075,125,AR,MAE,1.0038476008967094
linear,2075,125,AR,DA,0.0391566265060241
linear,2075,125,MIDAS,RMSE,1.1930597333401618
linear,2075,125,MIDAS,MAE,0.9555643321462345
linear,2075,125,MIDAS,DA,0.6355421686746988
linear,2075,125,AB1,RMSE,1.1473983618088737
linear,2075,125,AB1,MAE,0.900534116366259
linear,2075,125,AB1,DA,0.6325301204819277
linear,2075,125,AB2,RMSE,1.200463905885478
linear,2075,125,AB2,MAE,0.9584475233485286
linear,2075,125,AB2,DA,0.6445783132530121
linear,2075,125,AB3,RMSE,1.1525637867007799
linear,2075,125,AB3,MAE,0.9100366626157604
linear,2075,125,AB3,DA,0.7018072289156626
linear,2075,125,AB4,RMSE,1.282790433617947
linear,2075,125,AB4,MAE,1.0072584757375016
linear,2075,125,AB4,DA,0.6114457831325302
linear,2075,125,AB5,RMSE,1.1674894724778906
linear,2075,125,AB5,MAE,0.91682248839504
linear,2075,125,AB5,DA,0.6686746987951807
linear,2076,125,MPTE,RMSE,1.172241178632128
linear,2076,125,MPTE,MAE,0.9232896680712226
linear,2076,125,MPTE,DA,0.5030120481927711
linear,2076,125,AR,RMSE,1.1706174538729124
linear,2076,125,AR,MAE,0.9218764757488128
linear,2076,125,AR,DA,0.02710843373493976
linear,2076,125,MIDAS,RMSE,1.1933349246111098
linear,2076,125,MIDAS,MAE,0.9531335783874394
linear,2076,125,MIDAS,DA,0.5271084337349398
linear,2076,125,AB1,RMSE,1.172007283902891
linear,2076,125,AB1,MAE,0.9230863039823031
linear,2076,125,AB1,DA,0.46987951807228917
linear,2076,125,AB2,RMSE,1.1186552908433411
linear,2076,125,AB2,MAE,0.8903787304575109
linear,2076,125,AB2,DA,0.572289156626506
linear,2076,125,AB3,RMSE,1.0832036055057424
linear,2076,125,AB3,MAE,0.8712476010967627
linear,2076,125,AB3,DA,0.4939759036144578
linear,2076,125,AB4,RMSE,1.1723754624329168
linear,2076,125,AB4,MAE,0.9233439163802512
linear,2076,125,AB4,DA,0.49698795180722893
linear,2076,125,AB5,RMSE,1.1421084638999428
linear,2076,125,AB5,MAE,0.9033241083894259
linear,2076,125,AB5,DA,0.46987951807228917
linear,2077,125,MPTE,RMSE,1.346146532870179
linear,2077,125,MPTE,MAE,1.085121046540767
linear,2077,125,MPTE,DA,0.7771084337349398
linear,2077,125,AR,RMSE,1.7894092542274556
linear,2077,125,AR,MAE,1.4325671664947626
linear,2077,125,AR,DA,0.3433734939759036
linear,2077,125,MIDAS,RMSE,1.3201317273458457
linear,2077,125,MIDAS,MAE,1.072654084697489
linear,2077,125,MIDAS,DA,0.7951807228915663
linear,2077,125,AB1,RMSE,1.3550635347521456
linear,2077,125,AB1,MAE,1.1160213337898603
linear,2077,125,AB1,DA,0.7951807228915663
linear,2077,125,AB2,RMSE,1.3023946648046534
linear,2077,125,AB2,MAE,1.037398790469059
linear,2077,125,AB2,DA,0.8253012048192772
linear,2077,125,AB3,RMSE,1.2787238582896776
linear,2077,125,AB3,MAE,1.0253092129753194
linear,2077,125,AB3,DA,0.8283132530120482
linear,2077,125,AB4,RMSE,1.597950876862406
linear,2077,125,AB4,MAE,1.2727299960292215
linear,2077,125,AB4,DA,0.7740963855421686
linear,2077,125,AB5,RMSE,1.3266565429123338
linear,2077,125,AB5,MAE,1.0639655147980402
linear,2077,125,AB5,DA,0.8313253012048193
linear,2078,125,MPTE,RMSE,1.1426069072383005
linear,2078,125,MPTE,MAE,0.9202457700837993
linear,2078,125,MPTE,DA,0.48493975903614456
linear,2078,125,AR,RMSE,1.1420228680156155
linear,2078,125,AR,MAE,0.9194612417302638
linear,2078,125,AR,DA,0.03313253012048193
linear,2078,125,MIDAS,RMSE,1.199890827323504
linear,2078,125,MIDAS,MAE,0.978568919880255
linear,2078,125,MIDAS,DA,0.5030120481927711
linear,2078,125,AB1,RMSE,1.140983841987149
linear,2078,125,AB1,MAE,0.9185961530671337
linear,2078,125,AB1,DA,0.5602409638554217
linear,2078,125,AB2,RMSE,1.203705032552984
linear,2078,125,AB2,MAE,0.9774409490345982
linear,2078,125,AB2,DA,0.5090361445783133
linear,2078,125,AB3,RMSE,1.2063529482336215
linear,2078,125,AB3,MAE,0.9794458969060789
linear,2078,125,AB3,DA,0.4939759036144578
linear,2078,125,AB4,RMSE,1.1434487809855736
linear,2078,125,AB4,MAE,0.9211423122183519
linear,2078,125,AB4,DA,0.48493975903614456
linear,2078,125,AB5,RMSE,1.1441386884174176
linear,2078,125,AB5,MAE,0.9222824993703164
linear,2078,125,AB5,DA,0.5421686746987951
linear,2079,125,MPTE,RMSE,1.203094927273454
linear,2079,125,MPTE,MAE,0.9671505480165367
linear,2079,125,MPTE,DA,0.5963855421686747
linear,2079,125,AR,RMSE,1.2353075935342992
linear,2079,125,AR,MAE,0.995842105930989
linear,2079,125,AR,DA,0.024096385542168676
linear,2079,125,MIDAS,RMSE,1.2740281154557094
linear,2079,125,MIDAS,MAE,1.0312444819513946
linear,2079,125,MIDAS,DA,0.5813253012048193
linear,2079,125,AB1,RMSE,1.216074479081278
linear,2079,125,AB1,MAE,0.9804088410501834
linear,2079,125,AB1,DA,0.5451807228915663
linear,2079,125,AB2,RMSE,1.2191224593661376
linear,2079,125,AB2,MAE,0.9690412545180959
linear,2079,125,AB2,DA,0.5421686746987951
linear,2079,125,AB3,RMSE,1.2571632080270598
linear,2079,125,AB3,MAE,1.011482435254724
linear,2079,125,AB3,DA,0.5391566265060241
linear,2079,125,AB4,RMSE,1.2385124589895633
linear,2079,125,AB4,MAE,0.9853695658642444
linear,2079,125,AB4,DA,0.5692771084337349
linear,2079,125,AB5,RMSE,1.1880999924366613
linear,2079,125,AB5,MAE,0.9565140245581721
linear,2079,125,AB5,DA,0.536144578313253
linear,2080,125,MPTE,RMSE,1.1194008855619928
linear,2080,125,MPTE,MAE,0.8991608931780867
linear,2080,125,MPTE,DA,0.5120481927710844
linear,2080,125,AR,RMSE,1.1259103168702296
linear,2080,125,AR,MAE,0.9110069309236373
linear,2080,125,AR,DA,0.02710843373493976
linear,2080,125,MIDAS,RMSE,1.133848336473479
linear,2080,125,MIDAS,MAE,0.909797662627938
linear,2080,125,MIDAS,DA,0.5632530120481928
linear,2080,125,AB1,RMSE,1.1238433287531575
linear,2080,125,AB1,MAE,0.908669009355761
linear,2080,125,AB1,DA,0.4819277108433735
linear,2080,125,AB2,RMSE,1.124718586699937
linear,2080,125,AB2,MAE,0.9077409395815458
linear,2080,125,AB2,DA,0.49096385542168675
linear,2080,125,AB3,RMSE,1.1239196103395832
linear,2080,125,AB3,MAE,0.9086921970766292
linear,2080,125,AB3,DA,0.4939759036144578
linear,2080,125,AB4,RMSE,1.1349361765067554
linear,2080,125,AB4,MAE,0.918822335606201
linear,2080,125,AB4,DA,0.48493975903614456
linear,2080,125,AB5,RMSE,1.1170479642211883
linear,2080,125,AB5,MAE,0.9007595974713258
linear,2080,125,AB5,DA,0.5542168674698795
linear,2081,125,AB1,RMSE,1.2433263975181679
linear,2081,125,AB1,MAE,1.0174163505176648
linear,2081,125,AB1,DA,0.5090361445783133
linear,2081,125,AB2,RMSE,1.2091551372396194
linear,2081,125,AB2,MAE,0.9579303389375271
linear,2081,125,AB2,DA,0.5632530120481928
linear,2081,125,AB5,RMSE,1.1879065880368929
linear,2081,125,AB5,MAE,0.9478333337274424
linear,2081,125,AB5,DA,0.5481927710843374
linear,2082,125,MPTE,RMSE,1.125591517684849
linear,2082,125,MPTE,MAE,0.9097080737049389
linear,2082,125,MPTE,DA,0.6596385542168675
linear,2082,125,AR,RMSE,1.3271810941393467
linear,2082,125,AR,MAE,1.1021536299743546
linear,2082,125,AR,DA,0.07228915662650602
linear,2082,125,MIDAS,RMSE,1.1418653674751431
linear,2082,125,MIDAS,MAE,0.9317088345117636
linear,2082,125,MIDAS,DA,0.6475903614457831
linear,2082,125,AB1,RMSE,1.1474737431570718
linear,2082,125,AB1,MAE,0.9196043393737681
linear,2082,125,AB1,DA,0.6506024096385542
linear,2082,125,AB2,RMSE,1.1167655762260025
linear,2082,125,AB2,MAE,0.9230798887919852
linear,2082,125,AB2,DA,0.677710843373494
linear,2082,125,AB3,RMSE,1.0968252151698306
linear,2082,125,AB3,MAE,0.8717474153188949
linear,2082,125,AB3,DA,0.6234939759036144
linear,2082,125,AB4,RMSE,1.28503255854503
linear,2082,125,AB4,MAE,1.061785810559542
linear,2082,125,AB4,DA,0.6174698795180723
linear,2082,125,AB5,RMSE,1.2190968520985228
linear,2082,125,AB5,MAE,0.995647279208764
linear,2082,125,AB5,DA,0.6385542168674698
linear,2083,125,MPTE,RMSE,1.0623389749199335
linear,2083,125,MPTE,MAE,0.857898947870846
linear,2083,125,MPTE,DA,0.5602409638554217
linear,2083,125,AR,RMSE,1.0803155033745944
linear,2083,125,AR,MAE,0.8747577241062102
linear,2083,125,AR,DA,0.05120481927710843
linear,2083,125,MIDAS,RMSE,1.108515076562999
linear,2083,125,MIDAS,MAE,0.8974104583606629
linear,2083,125,MIDAS,DA,0.5632530120481928
linear,2083,125,AB1,RMSE,1.0312616720009864
linear,2083,125,AB1,MAE,0.8406512221892415
linear,2083,125,AB1,DA,0.5993975903614458
linear,2083,125,AB2,RMSE,1.028772627081083
linear,2083,125,AB2,MAE,0.8281856196382963
linear,2083,125,AB2,DA,0.5963855421686747
linear,2083,125,AB3,RMSE,1.0729796015314388
linear,2083,125,AB3,MAE,0.8744721424508795
linear,2083,125,AB3,DA,0.5542168674698795
linear,2083,125,AB4,RMSE,1.0833026416258598
linear,2083,125,AB4,MAE,0.8774098978765695
linear,2083,125,AB4,DA,0.6837349397590361
linear,2083,125,AB5,RMSE,1.0666219704410003
linear,2083,125,AB5,MAE,0.8657647183554675
linear,2083,125,AB5,DA,0.6234939759036144
linear,2084,125,MPTE,RMSE,1.1756834977902242
linear,2084,125,MPTE,MAE,0.9319171141086526
linear,2084,125,MPTE,DA,0.5210843373493976
linear,2084,125,AR,RMSE,1.1742075061690416
linear,2084,125,AR,MAE,0.9297057505349027
linear,2084,125,AR,DA,0.12650602409638553
linear,2084,125,MIDAS,RMSE,1.124953144587156
linear,2084,125,MIDAS,MAE,0.8820642351977335
linear,2084,125,MIDAS,DA,0.5903614457831325
linear,2084,125,AB1,RMSE,1.194010799887925
linear,2084,125,AB1,MAE,0.9484145086114819
linear,2084,125,AB1,DA,0.5572289156626506
linear,2084,125,AB2,RMSE,1.092981260447687
linear,2084,125,AB2,MAE,0.87572868794503
linear,2084,125,AB2,DA,0.6506024096385542
linear,2084,125,AB3,RMSE,1.1747611930368593
linear,2084,125,AB3,MAE,0.9345927613573737
linear,2084,125,AB3,DA,0.6054216867469879
linear,2084,125,AB4,RMSE,1.1768661864054673
linear,2084,125,AB4,MAE,0.9329604182881355
linear,2084,125,AB4,DA,0.5210843373493976
linear,2084,125,AB5,RMSE,1.1840528887147581
linear,2084,125,AB5,MAE,0.939802803755574
linear,2084,125,AB5,DA,0.5
linear,2085,125,MPTE,RMSE,1.1279666281138376
linear,2085,125,MPTE,MAE,0.8958654646838745
linear,2085,125,MPTE,DA,0.608433734939759
linear,2085,125,AR,RMSE,1.3450213426478157
linear,2085,125,AR,MAE,1.0435818997789403
linear,2085,125,AR,DA,0.0963855421686747
linear,2085,125,MIDAS,RMSE,1.2557846492823745
linear,2085,125,MIDAS,MAE,1.0054346432184114
linear,2085,125,MIDAS,DA,0.5512048192771084
linear,2085,125,AB1,RMSE,1.1505370950837073
linear,2085,125,AB1,MAE,0.9244110754843957
linear,2085,125,AB1,DA,0.5843373493975904
linear,2085,125,AB2,RMSE,1.1559224296928756
linear,2085,125,AB2,MAE,0.921398811129943
linear,2085,125,AB2,DA,0.5963855421686747
linear,2085,125,AB3,RMSE,1.1434256746502394
linear,2085,125,AB3,MAE,0.9037692076225087
linear,2085,125,AB3,DA,0.5421686746987951
linear,2085,125,AB4,RMSE,1.2627987724656573
linear,2085,125,AB4,MAE,1.0124572472158087
linear,2085,125,AB4,DA,0.5632530120481928
linear,2085,125,AB5,RMSE,1.1887081980294725
linear,2085,125,AB5,MAE,0.9333970310635339
linear,2085,125,AB5,DA,0.5331325301204819
linear,2086,125,MPTE,RMSE,1.1573591068246378
linear,2086,125,MPTE,MAE,0.9409479345510142
linear,2086,125,MPTE,DA,0.5873493975903614
linear,2086,125,AR,RMSE,1.3435277797903413
linear,2086,125,AR,MAE,1.1075047040304835
linear,2086,125,AR,DA,0.09036144578313253
linear,2086,125,MIDAS,RMSE,1.3222216984193826
linear,2086,125,MIDAS,MAE,1.0617659953300984
linear,2086,125,MIDAS,DA,0.6234939759036144
linear,2086,125,AB1,RMSE,1.2586100051087614
linear,2086,125,AB1,MAE,1.0290872283331585
linear,2086,125,AB1,DA,0.6114457831325302
linear,2086,125,AB2,RMSE,1.2155399224407875
linear,2086,125,AB2,MAE,0.9760137612913228
linear,2086,125,AB2,DA,0.6174698795180723
linear,2086,125,AB3,RMSE,1.1690736674425668
linear,2086,125,AB3,MAE,0.9591190521661852
linear,2086,125,AB3,DA,0.6054216867469879
linear,2086,125,AB4,RMSE,1.2776703684294948
linear,2086,125,AB4,MAE,1.036553852192423
linear,2086,125,AB4,DA,0.6024096385542169
linear,2086,125,AB5,RMSE,1.178650052728274
linear,2086,125,AB5,MAE,0.9607725746866121
linear,2086,125,AB5,DA,0.6054216867469879
linear,2087,125,MPTE,RMSE,1.0257961648331733
linear,2087,125,MPTE,MAE,0.8126617447561529
linear,2087,125,MPTE,DA,0.46987951807228917
linear,2087,125,AR,RMSE,1.0265231600475229
linear,2087,125,AR,MAE,0.8138063298999041
linear,2087,125,AR,DA,0.045180722891566265
linear,2087,125,MIDAS,RMSE,1.0828829776121571
linear,2087,125,MIDAS,MAE,0.8500685266879495
linear,2087,125,MIDAS,DA,0.5030120481927711
linear,2087,125,AB1,RMSE,1.025704964419229
linear,2087,125,AB1,MAE,0.8123931769949865
linear,2087,125,AB1,DA,0.4819277108433735
linear,2087,125,AB2,RMSE,1.0309904653471984
linear,2087,125,AB2,MAE,0.817945585681579
linear,2087,125,AB2,DA,0.4397590361445783
linear,2087,125,AB3,RMSE,1.0259167232615263
linear,2087,125,AB3,MAE,0.8128629870839994
linear,2087,125,AB3,DA,0.4789156626506024
linear,2087,125,AB4,RMSE,1.026721101027852
linear,2087,125,AB4,MAE,0.8134770835105124
linear,2087,125,AB4,DA,0.4397590361445783
linear,2087,125,AB5,RMSE,1.0155081384309408
linear,2087,125,AB5,MAE,0.8006072501704878
linear,2087,125,AB5,DA,0.6355421686746988
linear,2088,125,MPTE,RMSE,1.0855224135844748
linear,2088,125,MPTE,MAE,0.8475776640857409
linear,2088,125,MPTE,DA,0.5542168674698795
linear,2088,125,AR,RMSE,1.0845935332932903
linear,2088,125,AR,MAE,0.849620100193408
linear,2088,125,AR,DA,0.0
linear,2088,125,MIDAS,RMSE,1.117681036538587
linear,2088,125,MIDAS,MAE,0.8823021559585482
linear,2088,125,MIDAS,DA,0.5903614457831325
linear,2088,125,AB1,RMSE,1.0832818200211238
linear,2088,125,AB1,MAE,0.8439137069924717
linear,2088,125,AB1,DA,0.6234939759036144
linear,2088,125,AB2,RMSE,1.0894365919132611
linear,2088,125,AB2,MAE,0.8459642016828288
linear,2088,125,AB2,DA,0.5512048192771084
linear,2088,125,AB3,RMSE,1.1225161756422681
linear,2088,125,AB3,MAE,0.8986397512480555
linear,2088,125,AB3,DA,0.5753012048192772
linear,2088,125,AB4,RMSE,1.0866651147573723
linear,2088,125,AB4,MAE,0.8468804925254795
linear,2088,125,AB4,DA,0.4578313253012048
linear,2088,125,AB5,RMSE,1.0787344998055313
linear,2088,125,AB5,MAE,0.84351649545625
linear,2088,125,AB5,DA,0.5120481927710844
linear,2089,125,MPTE,RMSE,1.0672251233462442
linear,2089,125,MPTE,MAE,0.8733465644528987
linear,2089,125,MPTE,DA,0.5813253012048193
linear,2089,125,AR,RMSE,2.2981091202213384
linear,2089,125,AR,MAE,1.836823829971776
linear,2089,125,AR,DA,0.4006024096385542
linear,2089,125,MIDAS,RMSE,1.1212634916028958
linear,2089,125,MIDAS,MAE,0.9188855174329686
linear,2089,125,MIDAS,DA,0.5662650602409639
linear,2089,125,AB1,RMSE,1.0528688806984672
linear,2089,125,AB1,MAE,0.863178476536321
linear,2089,125,AB1,DA,0.5692771084337349
linear,2089,125,AB2,RMSE,1.0428895233173638
linear,2089,125,AB2,MAE,0.8588650019065063
linear,2089,125,AB2,DA,0.5933734939759037
linear,2089,125,AB3,RMSE,1.0402888811268394
linear,2089,125,AB3,MAE,0.8616611282886683
linear,2089,125,AB3,DA,0.5662650602409639
linear,2089,125,AB4,RMSE,1.1501418075032837
linear,2089,125,AB4,MAE,0.9468806391745583
linear,2089,125,AB4,DA,0.5481927710843374
linear,2089,125,AB5,RMSE,1.2285897767846015
linear,2089,125,AB5,MAE,0.9917549827493722
linear,2089,125,AB5,DA,0.5
linear,2090,125,MPTE,RMSE,1.244410689723962
linear,2090,125,MPTE,MAE,1.0112137727478432
linear,2090,125,MPTE,DA,0.8493975903614458
linear,2090,125,AR,RMSE,2.295447764312113
linear,2090,125,AR,MAE,1.8347957275752953
linear,2090,125,AR,DA,0.5692771084337349
linear,2090,125,MIDAS,RMSE,1.3464398528680286
linear,2090,125,MIDAS,MAE,1.090979020338988
linear,2090,125,MIDAS,DA,0.8493975903614458
linear,2090,125,AB1,RMSE,1.2591269227781705
linear,2090,125,AB1,MAE,1.0103792136042526
linear,2090,125,AB1,DA,0.8524096385542169
linear,2090,125,AB2,RMSE,1.268777308960782
linear,2090,125,AB2,MAE,1.0186151461256712
linear,2090,125,AB2,DA,0.858433734939759
linear,2090,125,AB3,RMSE,1.2523810738934171
linear,2090,125,AB3,MAE,1.0105886428760953
linear,2090,125,AB3,DA,0.858433734939759
linear,2090,125,AB4,RMSE,2.082458315448586
linear,2090,125,AB4,MAE,1.642194458335966
linear,2090,125,AB4,DA,0.7319277108433735
linear,2090,125,AB5,RMSE,1.3680453244684632
linear,2090,125,AB5,MAE,1.093998982100976
linear,2090,125,AB5,DA,0.8674698795180723
linear,2091,125,MPTE,RMSE,1.1546356817326533
linear,2091,125,MPTE,MAE,0.9277274722239706
linear,2091,125,MPTE,DA,0.5331325301204819
linear,2091,125,AR,RMSE,1.1535086284491936
linear,2091,125,AR,MAE,0.9267053701307639
linear,2091,125,AR,DA,0.0572289156626506
linear,2091,125,MIDAS,RMSE,1.1292291783023347
linear,2091,125,MIDAS,MAE,0.9135309347259555
linear,2091,125,MIDAS,DA,0.5783132530120482
linear,2091,125,AB1,RMSE,1.1550880070011218
linear,2091,125,AB1,MAE,0.9283149645286692
linear,2091,125,AB1,DA,0.4608433734939759
linear,2091,125,AB2,RMSE,1.119633424126548
linear,2091,125,AB2,MAE,0.8950226253251978
linear,2091,125,AB2,DA,0.6475903614457831
linear,2091,125,AB3,RMSE,1.1035974663884665
linear,2091,125,AB3,MAE,0.8843320469486097
linear,2091,125,AB3,DA,0.6475903614457831
linear,2091,125,AB4,RMSE,1.1518985235817192
linear,2091,125,AB4,MAE,0.9240082083594924
linear,2091,125,AB4,DA,0.5843373493975904
linear,2091,125,AB5,RMSE,1.1505623505624052
linear,2091,125,AB5,MAE,0.9244095102291665
linear,2091,125,AB5,DA,0.6385542168674698
linear,2092,125,MPTE,RMSE,1.214216373817144
linear,2092,125,MPTE,MAE,0.9597678060780819
linear,2092,125,MPTE,DA,0.5692771084337349
linear,2092,125,AR,RMSE,1.3094270487726118
linear,2092,125,AR,MAE,1.0542927737100063
linear,2092,125,AR,DA,0.20783132530120482
linear,2092,125,MIDAS,RMSE,1.2278935892980434
linear,2092,125,MIDAS,MAE,0.9762426144332439
linear,2092,125,MIDAS,DA,0.5512048192771084
linear,2092,125,AB1,RMSE,1.2724912251552147
linear,2092,125,AB1,MAE,0.9928870533190937
linear,2092,125,AB1,DA,0.5060240963855421
linear,2092,125,AB2,RMSE,1.1719540909317177
linear,2092,125,AB2,MAE,0.9363389073245089
linear,2092,125,AB2,DA,0.6204819277108434
linear,2092,125,AB3,RMSE,1.1649091157487044
linear,2092,125,AB3,MAE,0.9359418535854129
linear,2092,125,AB3,DA,0.608433734939759
linear,2092,125,AB4,RMSE,1.2827985289035195
linear,2092,125,AB4,MAE,1.0209331692160684
linear,2092,125,AB4,DA,0.5632530120481928
linear,2092,125,AB5,RMSE,1.2221026881899764
linear,2092,125,AB5,MAE,0.9639143742400473
linear,2092,125,AB5,DA,0.5933734939759037
linear,2093,125,MPTE,RMSE,1.0958676486397672
linear,2093,125,MPTE,MAE,0.8727968690822057
linear,2093,125,MPTE,DA,0.5542168674698795
linear,2093,125,AR,RMSE,1.1633988795243357
linear,2093,125,AR,MAE,0.9032195396907994
linear,2093,125,AR,DA,0.03313253012048193
linear,2093,125,MIDAS,RMSE,1.2256968706063265
linear,2093,125,MIDAS,MAE,0.9507433643923715
linear,2093,125,MIDAS,DA,0.5331325301204819
linear,2093,125,AB1,RMSE,1.1622706288296811
linear,2093,125,AB1,MAE,0.9022995966651874
linear,2093,125,AB1,DA,0.3614457831325301
linear,2093,125,AB2,RMSE,1.1796110565016888
linear,2093,125,AB2,MAE,0.9257775446062074
linear,2093,125,AB2,DA,0.5030120481927711
linear,2093,125,AB3,RMSE,1.1426998172666212
linear,2093,125,AB3,MAE,0.9006682028506124
linear,2093,125,AB3,DA,0.5150602409638554
linear,2093,125,AB4,RMSE,1.1371342794582504
linear,2093,125,AB4,MAE,0.8925442167682258
linear,2093,125,AB4,DA,0.5060240963855421
linear,2093,125,AB5,RMSE,1.1121562548157318
linear,2093,125,AB5,MAE,0.8802078503667612
linear,2093,125,AB5,DA,0.4939759036144578
linear,2094,125,MPTE,RMSE,1.0815832046740212
linear,2094,125,MPTE,MAE,0.8765945850166064
linear,2094,125,MPTE,DA,0.43373493975903615
linear,2094,125,AR,RMSE,1.1384159545388406
linear,2094,125,AR,MAE,0.9146909707477447
linear,2094,125,AR,DA,0.03313253012048193
linear,2094,125,MIDAS,RMSE,1.134766418491623
linear,2094,125,MIDAS,MAE,0.9094999215275822
linear,2094,125,MIDAS,DA,0.5150602409638554
linear,2094,125,AB1,RMSE,1.1380397678742196
linear,2094,125,AB1,MAE,0.9149077909509054
linear,2094,125,AB1,DA,0.4608433734939759
linear,2094,125,AB2,RMSE,1.0694677336877754
linear,2094,125,AB2,MAE,0.8655602630573556
linear,2094,125,AB2,DA,0.5120481927710844
linear,2094,125,AB3,RMSE,1.0236114527682973
linear,2094,125,AB3,MAE,0.8258714624015753
linear,2094,125,AB3,DA,0.6054216867469879
linear,2094,125,AB4,RMSE,1.0977263778692816
linear,2094,125,AB4,MAE,0.8832130190211279
linear,2094,125,AB4,DA,0.5542168674698795
linear,2094,125,AB5,RMSE,1.035545624551632
linear,2094,125,AB5,MAE,0.8336163551529081
linear,2094,125,AB5,DA,0.5933734939759037
linear,2095,125,MPTE,RMSE,1.1713717999766626
linear,2095,125,MPTE,MAE,0.9435804575258245
linear,2095,125,MPTE,DA,0.7740963855421686
linear,2095,125,AR,RMSE,1.6019305824213772
linear,2095,125,AR,MAE,1.2891157497878944
linear,2095,125,AR,DA,0.1746987951807229
linear,2095,125,MIDAS,RMSE,1.1307150669713044
linear,2095,125,MIDAS,MAE,0.9194949779504162
linear,2095,125,MIDAS,DA,0.7771084337349398
linear,2095,125,AB1,RMSE,1.0858235720506784
linear,2095,125,AB1,MAE,0.8658088074190682
linear,2095,125,AB1,DA,0.8192771084337349
linear,2095,125,AB2,RMSE,1.111040940150923
linear,2095,125,AB2,MAE,0.8988505436021913
linear,2095,125,AB2,DA,0.7710843373493976
linear,2095,125,AB3,RMSE,1.109461211341238
linear,2095,125,AB3,MAE,0.8953489586722736
linear,2095,125,AB3,DA,0.8132530120481928
linear,2095,125,AB4,RMSE,1.6032829597632041
linear,2095,125,AB4,MAE,1.2891403714345944
linear,2095,125,AB4,DA,0.35542168674698793
linear,2095,125,AB5,RMSE,1.172264064352879
linear,2095,125,AB5,MAE,0.9385026997465649
linear,2095,125,AB5,DA,0.8072289156626506
linear,2096,125,MPTE,RMSE,1.1920439691457076
linear,2096,125,MPTE,MAE,0.9722273202496425
linear,2096,125,MPTE,DA,0.7710843373493976
linear,2096,125,AR,RMSE,1.3281299674100064
linear,2096,125,AR,MAE,1.0619396207859715
linear,2096,125,AR,DA,0.045180722891566265
linear,2096,125,MIDAS,RMSE,1.3316752413290787
linear,2096,125,MIDAS,MAE,1.0696988679259691
linear,2096,125,MIDAS,DA,0.5572289156626506
linear,2096,125,AB1,RMSE,1.2763136450088757
linear,2096,125,AB1,MAE,1.025006079005382
linear,2096,125,AB1,DA,0.6957831325301205
linear,2096,125,AB2,RMSE,1.2275847341704658
linear,2096,125,AB2,MAE,0.9855589621090134
linear,2096,125,AB2,DA,0.7078313253012049
linear,2096,125,AB3,RMSE,1.1826676054836625
linear,2096,125,AB3,MAE,0.9659605244617451
linear,2096,125,AB3,DA,0.7560240963855421
linear,2096,125,AB4,RMSE,1.3134180175506
linear,2096,125,AB4,MAE,1.0555463049372265
linear,2096,125,AB4,DA,0.6867469879518072
linear,2096,125,AB5,RMSE,1.1959455895293565
linear,2096,125,AB5,MAE,0.9786682144985573
linear,2096,125,AB5,DA,0.7560240963855421
linear,2097,125,MPTE,RMSE,1.1575761274590133
linear,2097,125,MPTE,MAE,0.9233584938124292
linear,2097,125,MPTE,DA,0.5120481927710844
linear,2097,125,AR,RMSE,1.1583883896373781
linear,2097,125,AR,MAE,0.9243370759790391
linear,2097,125,AR,DA,0.0391566265060241
linear,2097,125,MIDAS,RMSE,1.1643553739050263
linear,2097,125,MIDAS,MAE,0.9541020002192884
linear,2097,125,MIDAS,DA,0.5692771084337349
linear,2097,125,AB1,RMSE,1.064560663685518
linear,2097,125,AB1,MAE,0.8557293516713911
linear,2097,125,AB1,DA,0.5271084337349398
linear,2097,125,AB2,RMSE,1.1640172266062199
linear,2097,125,AB2,MAE,0.9293985532994367
linear,2097,125,AB2,DA,0.4819277108433735
linear,2097,125,AB3,RMSE,1.0532328686553751
linear,2097,125,AB3,MAE,0.8368770978448571
linear,2097,125,AB3,DA,0.572289156626506
linear,2097,125,AB5,RMSE,1.0446914707353347
linear,2097,125,AB5,MAE,0.8367037397371065
linear,2097,125,AB5,DA,0.5662650602409639
linear,2098,125,MPTE,RMSE,1.237393418144825
linear,2098,125,MPTE,MAE,0.9822747751814055
linear,2098,125,MPTE,DA,0.7228915662650602
linear,2098,125,AR,RMSE,1.2917459142843988
linear,2098,125,AR,MAE,1.0138182244190486
linear,2098,125,AR,DA,0.05120481927710843
linear,2098,125,MIDAS,RMSE,1.3316456439403388
linear,2098,125,MIDAS,MAE,1.078891378490327
linear,2098,125,MIDAS,DA,0.5783132530120482
linear,2098,125,AB1,RMSE,1.2237893445316457
linear,2098,125,AB1,MAE,0.9737312885936784
linear,2098,125,AB1,DA,0.6475903614457831
linear,2098,125,AB2,RMSE,1.2883715785059233
linear,2098,125,AB2,MAE,1.0103861071559752
linear,2098,125,AB2,DA,0.4759036144578313
linear,2098,125,AB3,RMSE,1.2440141520011598
linear,2098,125,AB3,MAE,0.9748836626836771
linear,2098,125,AB3,DA,0.7228915662650602
linear,2098,125,AB4,RMSE,1.2999417400951092
linear,2098,125,AB4,MAE,1.0210073694778181
linear,2098,125,AB4,DA,0.5692771084337349
linear,2098,125,AB5,RMSE,1.1903391704110333
linear,2098,125,AB5,MAE,0.9346937880712759
linear,2098,125,AB5,DA,0.7319277108433735
linear,2099,125,MPTE,RMSE,1.2653849329748272
linear,2099,125,MPTE,MAE,0.9922326228072363
linear,2099,125,MPTE,DA,0.8313253012048193
linear,2099,125,AR,RMSE,1.9291678801245782
linear,2099,125,AR,MAE,1.5702859349265648
linear,2099,125,AR,DA,0.19578313253012047
linear,2099,125,MIDAS,RMSE,1.2498815062064472
linear,2099,125,MIDAS,MAE,1.000373796452912
linear,2099,125,MIDAS,DA,0.8283132530120482
linear,2099,125,AB1,RMSE,1.2691594983886343
linear,2099,125,AB1,MAE,0.9793609392992413
linear,2099,125,AB1,DA,0.8463855421686747
linear,2099,125,AB2,RMSE,1.2407367391606166
linear,2099,125,AB2,MAE,0.9843840129920558
linear,2099,125,AB2,DA,0.8283132530120482
linear,2099,125,AB3,RMSE,1.2935551622667978
linear,2099,125,AB3,MAE,1.0494745788153712
linear,2099,125,AB3,DA,0.8493975903614458
linear,2099,125,AB4,RMSE,1.857746811270978
linear,2099,125,AB4,MAE,1.4985162480098557
linear,2099,125,AB4,DA,0.6596385542168675
linear,2099,125,AB5,RMSE,1.513538232837663
linear,2099,125,AB5,MAE,1.2185418127600942
linear,2099,125,AB5,DA,0.7831325301204819
mild,2000,125,MPTE,RMSE,1.3229473850030231
mild,2000,125,MPTE,MAE,1.057388150154238
mild,2000,125,MPTE,DA,0.6295180722891566
mild,2000,125,AR,RMSE,1.4133710236378012
mild,2000,125,AR,MAE,1.1116863149934584
mild,2000,125,AR,DA,0.0
mild,2000,125,MIDAS,RMSE,1.3888874247075997
mild,2000,125,MIDAS,MAE,1.0894021835529122
mild,2000,125,MIDAS,DA,0.5481927710843374
mild,2000,125,AB1,RMSE,1.3774948765205972
mild,2000,125,AB1,MAE,1.0817959964717485
mild,2000,125,AB1,DA,0.572289156626506
mild,2000,125,AB2,RMSE,1.4137698200037982
mild,2000,125,AB2,MAE,1.1181485242355351
mild,2000,125,AB2,DA,0.4186746987951807
mild,2000,125,AB3,RMSE,1.3731430497638704
mild,2000,125,AB3,MAE,1.0899209336155828
mild,2000,125,AB3,DA,0.6024096385542169
mild,2000,125,AB4,RMSE,1.3873540358197594
mild,2000,125,AB4,MAE,1.0936760752233277
mild,2000,125,AB4,DA,0.46686746987951805
mild,2000,125,AB5,RMSE,1.3671987863730115
mild,2000,125,AB5,MAE,1.0770820005385942
mild,2000,125,AB5,DA,0.6054216867469879
mild,2001,125,MPTE,RMSE,1.2803777281530677
mild,2001,125,MPTE,MAE,1.0287349390260445
mild,2001,125,MPTE,DA,0.6054216867469879
mild,2001,125,AR,RMSE,1.4136395410670817
mild,2001,125,AR,MAE,1.1516676953137914
mild,2001,125,AR,DA,0.04819277108433735
mild,2001,125,MIDAS,RMSE,1.3581209278146484
mild,2001,125,MIDAS,MAE,1.0866180764672435
mild,2001,125,MIDAS,DA,0.5542168674698795
mild,2001,125,AB1,RMSE,1.2771113231266593
mild,2001,125,AB1,MAE,1.0331844089039701
mild,2001,125,AB1,DA,0.572289156626506
mild,2001,125,AB2,RMSE,1.3012496680631191
mild,2001,125,AB2,MAE,1.0575713775894686
mild,2001,125,AB2,DA,0.5572289156626506
mild,2001,125,AB3,RMSE,1.343236453307306
mild,2001,125,AB3,MAE,1.079968879948998
mild,2001,125,AB3,DA,0.536144578313253
mild,2001,125,AB4,RMSE,1.4552463610755413
mild,2001,125,AB4,MAE,1.18600585554536
mild,2001,125,AB4,DA,0.463855421686747
mild,2001,125,AB5,RMSE,1.3035795873684108
mild,2001,125,AB5,MAE,1.0554580593514937
mild,2001,125,AB5,DA,0.5451807228915663
mild,2002,125,MPTE,RMSE,1.1673138679450177
mild,2002,125,MPTE,MAE,0.9199068165322488
mild,2002,125,MPTE,DA,0.5030120481927711
mild,2002,125,AR,RMSE,1.215337218860378
mild,2002,125,AR,MAE,0.9472112826082592
mild,2002,125,AR,DA,0.0391566265060241
mild,2002,125,MIDAS,RMSE,1.2742347711953665
mild,2002,125,MIDAS,MAE,1.012294520952799
mild,2002,125,MIDAS,DA,0.5120481927710844
mild,2002,125,AB1,RMSE,1.236938269504377
mild,2002,125,AB1,MAE,0.9799182783103865
mild,2002,125,AB1,DA,0.4608433734939759
mild,2002,125,AB2,RMSE,1.2183578846607084
mild,2002,125,AB2,MAE,0.9487461594096327
mild,2002,125,AB2,DA,0.463855421686747
mild,2002,125,AB3,RMSE,1.1994487106602338
mild,2002,125,AB3,MAE,0.9315875057510182
mild,2002,125,AB3,DA,0.5150602409638554
mild,2002,125,AB4,RMSE,1.2185024769968626
mild,2002,125,AB4,MAE,0.9487703275539926
mild,2002,125,AB4,DA,0.4759036144578313
mild,2002,125,AB5,RMSE,1.1897605859827232
mild,2002,125,AB5,MAE,0.9283975269197691
mild,2002,125,AB5,DA,0.48493975903614456
mild,2003,125,MPTE,RMSE,1.4897396389873339
mild,2003,125,MPTE,MAE,1.1750278943430046
mild,2003,125,MPTE,DA,0.6445783132530121
mild,2003,125,AR,RMSE,1.616036742932275
mild,2003,125,AR,MAE,1.2653976034110288
mild,2003,125,AR,DA,0.2469879518072289
mild,2003,125,MIDAS,RMSE,1.4793487792345696
mild,2003,125,MIDAS,MAE,1.1561868639051331
mild,2003,125,MIDAS,DA,0.6325301204819277
mild,2003,125,AB1,RMSE,1.3789044432338957
mild,2003,125,AB1,MAE,1.0859307812945223
mild,2003,125,AB1,DA,0.7289156626506024
mild,2003,125,AB2,RMSE,1.4513473743045178
mild,2003,125,AB2,MAE,1.1469426620239633
mild,2003,125,AB2,DA,0.6506024096385542
mild,2003,125,AB3,RMSE,1.339822539713398
mild,2003,125,AB3,MAE,1.0687255473547235
mild,2003,125,AB3,DA,0.6536144578313253
mild,2003,125,AB4,RMSE,1.5412620509233388
mild,2003,125,AB4,MAE,1.2128314372690912
mild,2003,125,AB4,DA,0.4246987951807229
mild,2003,125,AB5,RMSE,1.4755867948298755
mild,2003,125,AB5,MAE,1.1935682688172748
mild,2003,125,AB5,DA,0.6897590361445783
mild,2004,125,MPTE,RMSE,1.2354259999611712
mild,2004,125,MPTE,MAE,0.965143550350718
mild,2004,125,MPTE,DA,0.7078313253012049
mild,2004,125,AR,RMSE,1.3729949411976379
mild,2004,125,AR,MAE,1.0801721409173923
mild,2004,125,AR,DA,0.045180722891566265
mild,2004,125,MIDAS,RMSE,1.3052993328718152
mild,2004,125,MIDAS,MAE,1.055332642177243
mild,2004,125,MIDAS,DA,0.6174698795180723
mild,2004,125,AB1,RMSE,1.3054389615949644
mild,2004,125,AB1,MAE,1.0303601950282326
mild,2004,125,AB1,DA,0.6656626506024096
mild,2004,125,AB2,RMSE,1.3870243489247716
mild,2004,125,AB2,MAE,1.0929269729296975
mild,2004,125,AB2,DA,0.48493975903614456
mild,2004,125,AB3,RMSE,1.2071235421209277
mild,2004,125,AB3,MAE,0.9470587629218232
mild,2004,125,AB3,DA,0.6897590361445783
mild,2004,125,AB4,RMSE,1.3832912196158915
mild,2004,125,AB4,MAE,1.0886723319962002
mild,2004,125,AB4,DA,0.6475903614457831
mild,2004,125,AB5,RMSE,1.2321066226265511
mild,2004,125,AB5,MAE,0.9550530402189571
mild,2004,125,AB5,DA,0.6987951807228916
mild,2005,125,MPTE,RMSE,1.128673060591446
mild,2005,125,MPTE,MAE,0.9029026969384735
mild,2005,125,MPTE,DA,0.7078313253012049
mild,2005,125,AR,RMSE,1.220969345844799
mild,2005,125,AR,MAE,0.9697629986221601
mild,2005,125,AR,DA,0.05421686746987952
mild,2005,125,MIDAS,RMSE,1.1804752730683106
mild,2005,125,MIDAS,MAE,0.9320206837726654
mild,2005,125,MIDAS,DA,0.6385542168674698
mild,2005,125,AB1,RMSE,1.0946110823427895
mild,2005,125,AB1,MAE,0.8675067826067655
mild,2005,125,AB1,DA,0.6445783132530121
mild,2005,125,AB2,RMSE,1.2337731460717314
mild,2005,125,AB2,MAE,0.9820793888469885
mild,2005,125,AB2,DA,0.5572289156626506
mild,2005,125,AB3,RMSE,1.1099786201979664
mild,2005,125,AB3,MAE,0.878561602727683
mild,2005,125,AB3,DA,0.6867469879518072
mild,2005,125,AB4,RMSE,1.218777836886714
mild,2005,125,AB4,MAE,0.9697226505823027
mild,2005,125,AB4,DA,0.5421686746987951
mild,2005,125,AB5,RMSE,1.101501974046463
mild,2005,125,AB5,MAE,0.8647950716811577
mild,2005,125,AB5,DA,0.713855421686747
mild,2006,125,MPTE,RMSE,1.3436645181917268
mild,2006,125,MPTE,MAE,1.0644598161777863
mild,2006,125,MPTE,DA,0.7439759036144579
mild,2006,125,AR,RMSE,1.4600216869688403
mild,2006,125,AR,MAE,1.1516664943142316
mild,2006,125,AR,DA,0.0963855421686747
mild,2006,125,MIDAS,RMSE,1.3299593836758115
mild,2006,125,MIDAS,MAE,1.0462498816680665
mild,2006,125,MIDAS,DA,0.6897590361445783
mild,2006,125,AB1,RMSE,1.3997042156367505
mild,2006,125,AB1,MAE,1.1054734946055693
mild,2006,125,AB1,DA,0.6807228915662651
mild,2006,125,AB2,RMSE,1.461581903092851
mild,2006,125,AB2,MAE,1.1548640906694199
mild,2006,125,AB2,DA,0.5271084337349398
mild,2006,125,AB3,RMSE,1.323661717382713
mild,2006,125,AB3,MAE,1.045394288992946
mild,2006,125,AB3,DA,0.6716867469879518
mild,2006,125,AB4,RMSE,1.459005987752353
mild,2006,125,AB4,MAE,1.1551518820720517
mild,2006,125,AB4,DA,0.5301204819277109
mild,2006,125,AB5,RMSE,1.3745290325958144
mild,2006,125,AB5,MAE,1.091367826037276
mild,2006,125,AB5,DA,0.6867469879518072
mild,2007,125,MPTE,RMSE,1.0873606357377317
mild,2007,125,MPTE,MAE,0.8785890663214848
mild,2007,125,MPTE,DA,0.5873493975903614
mild,2007,125,AR,RMSE,1.1002495999048896
mild,2007,125,AR,MAE,0.8976321747182733
mild,2007,125,AR,DA,0.018072289156626505
mild,2007,125,MIDAS,RMSE,1.1560624624231948
mild,2007,125,MIDAS,MAE,0.9266592062271838
mild,2007,125,MIDAS,DA,0.49698795180722893
mild,2007,125,AB1,RMSE,1.0948194066304615
mild,2007,125,AB1,MAE,0.8933905606074471
mild,2007,125,AB1,DA,0.5662650602409639
mild,2007,125,AB2,RMSE,1.0998008943202877
mild,2007,125,AB2,MAE,0.8982294442814085
mild,2007,125,AB2,DA,0.5481927710843374
mild,2007,125,AB3,RMSE,1.0973926313603413
mild,2007,125,AB3,MAE,0.891094997641037
mild,2007,125,AB3,DA,0.5391566265060241
mild,2007,125,AB4,RMSE,1.0997717452064089
mild,2007,125,AB4,MAE,0.8981158999723211
mild,2007,125,AB4,DA,0.536144578313253
mild,2007,125,AB5,RMSE,1.0746498034981724
mild,2007,125,AB5,MAE,0.8738229232347468
mild,2007,125,AB5,DA,0.572289156626506
mild,2008,125,MPTE,RMSE,1.4252428860187734
mild,2008,125,MPTE,MAE,1.1363268802140847
mild,2008,125,MPTE,DA,0.42168674698795183
mild,2008,125,AR,RMSE,1.4415322926793679
mild,2008,125,AR,MAE,1.1435718620141515
mild,2008,125,AR,DA,0.04216867469879518
mild,2008,125,MIDAS,RMSE,1.3341937612909514
mild,2008,125,MIDAS,MAE,1.0582893291612339
mild,2008,125,MIDAS,DA,0.4879518072289157
mild,2008,125,AB1,RMSE,1.4112323776487858
mild,2008,125,AB1,MAE,1.1255776262043518
mild,2008,125,AB1,DA,0.4939759036144578
mild,2008,125,AB2,RMSE,1.4052771636211838
mild,2008,125,AB2,MAE,1.1265892301469767
mild,2008,125,AB2,DA,0.4759036144578313
mild,2008,125,AB3,RMSE,1.3711512047164063
mild,2008,125,AB3,MAE,1.0928564228447246
mild,2008,125,AB3,DA,0.37349397590361444
mild,2008,125,AB4,RMSE,1.4380942460568082
mild,2008,125,AB4,MAE,1.1531613890102415
mild,2008,125,AB4,DA,0.4427710843373494
mild,2008,125,AB5,RMSE,1.4231642079912237
mild,2008,125,AB5,MAE,1.1403786958193236
mild,2008,125,AB5,DA,0.4939759036144578
mild,2009,125,MPTE,RMSE,1.0173542670938864
mild,2009,125,MPTE,MAE,0.8126949970382656
mild,2009,125,MPTE,DA,0.39457831325301207
mild,2009,125,AR,RMSE,1.030363462972234
mild,2009,125,AR,MAE,0.8187173347724831
mild,2009,125,AR,DA,0.02108433734939759
mild,2009,125,MIDAS,RMSE,1.10415132519205
mild,2009,125,MIDAS,MAE,0.898698074017448
mild,2009,125,MIDAS,DA,0.5
mild,2009,125,AB1,RMSE,1.0240687730855793
mild,2009,125,AB1,MAE,0.8300849944227743
mild,2009,125,AB1,DA,0.4939759036144578
mild,2009,125,AB2,RMSE,0.9699255319347923
mild,2009,125,AB2,MAE,0.7744642369564304
mild,2009,125,AB2,DA,0.4427710843373494
mild,2009,125,AB5,RMSE,0.9737091696706182
mild,2009,125,AB5,MAE,0.7694327142364884
mild,2009,125,AB5,DA,0.5060240963855421
mild,2010,125,MPTE,RMSE,1.1961542276221406
mild,2010,125,MPTE,MAE,0.9606052807917124
mild,2010,125,MPTE,DA,0.5150602409638554
mild,2010,125,AR,RMSE,1.3196814842972004
mild,2010,125,AR,MAE,1.0367002132231085
mild,2010,125,AR,DA,0.09036144578313253
mild,2010,125,MIDAS,RMSE,1.2757461802287986
mild,2010,125,MIDAS,MAE,1.0061668287010455
mild,2010,125,MIDAS,DA,0.5391566265060241
mild,2010,125,AB1,RMSE,1.2244269927991818
mild,2010,125,AB1,MAE,0.9718387270572151
mild,2010,125,AB1,DA,0.47289156626506024
mild,2010,125,AB2,RMSE,1.3277256074295816
mild,2010,125,AB2,MAE,1.0387209037890803
mild,2010,125,AB2,DA,0.5421686746987951
mild,2010,125,AB3,RMSE,1.2532225012524054
mild,2010,125,AB3,MAE,1.0016903145766671
mild,2010,125,AB3,DA,0.5180722891566265
mild,2010,125,AB4,RMSE,1.2723187818376138
mild,2010,125,AB4,MAE,1.0281544183270142
mild,2010,125,AB4,DA,0.47289156626506024
mild,2010,125,AB5,RMSE,1.197228674331512
mild,2010,125,AB5,MAE,0.9475996425747465
mild,2010,125,AB5,DA,0.5662650602409639
mild,2011,125,MPTE,RMSE,1.2230811557828485
mild,2011,125,MPTE,MAE,0.989389557777893
mild,2011,125,MPTE,DA,0.6897590361445783
mild,2011,125,AR,RMSE,1.3542475508454728
mild,2011,125,AR,MAE,1.0998895096549324
mild,2011,125,AR,DA,0.024096385542168676
mild,2011,125,MIDAS,RMSE,1.2459205673623859
mild,2011,125,MIDAS,MAE,1.002228481483704
mild,2011,125,MIDAS,DA,0.6144578313253012
mild,2011,125,AB1,RMSE,1.2414137838401842
mild,2011,125,AB1,MAE,0.9996029621629839
mild,2011,125,AB1,DA,0.6204819277108434
mild,2011,125,AB2,RMSE,1.3540359415457175
mild,2011,125,AB2,MAE,1.0988789116559463
mild,2011,125,AB2,DA,0.46686746987951805
mild,2011,125,AB3,RMSE,1.2306488102610231
mild,2011,125,AB3,MAE,0.9839717799822904
mild,2011,125,AB3,DA,0.7259036144578314
mild,2011,125,AB4,RMSE,1.3551365214672026
mild,2011,125,AB4,MAE,1.0952721894901376
mild,2011,125,AB4,DA,0.49096385542168675
mild,2011,125,AB5,RMSE,1.2699611700066404
mild,2011,125,AB5,MAE,1.0334325775517976
mild,2011,125,AB5,DA,0.7259036144578314
mild,2012,125,MPTE,RMSE,1.0952441733442853
mild,2012,125,MPTE,MAE,0.8656239463095842
mild,2012,125,MPTE,DA,0.6114457831325302
mild,2012,125,AR,RMSE,1.168467394757154
mild,2012,125,AR,MAE,0.9544295341034742
mild,2012,125,AR,DA,0.0783132530120482
mild,2012,125,MIDAS,RMSE,1.1276314825015672
mild,2012,125,MIDAS,MAE,0.9118702910481649
mild,2012,125,MIDAS,DA,0.5692771084337349
mild,2012,125,AB1,RMSE,1.1036796484368792
mild,2012,125,AB1,MAE,0.8899959263646766
mild,2012,125,AB1,DA,0.6024096385542169
mild,2012,125,AB2,RMSE,1.1773635613784146
mild,2012,125,AB2,MAE,0.958203920795779
mild,2012,125,AB2,DA,0.48493975903614456
mild,2012,125,AB3,RMSE,1.1096691031124424
mild,2012,125,AB3,MAE,0.9019778516751841
mild,2012,125,AB3,DA,0.5813253012048193
mild,2012,125,AB4,RMSE,1.1752230146655844
mild,2012,125,AB4,MAE,0.9661639734796937
mild,2012,125,AB4,DA,0.5271084337349398
mild,2012,125,AB5,RMSE,1.1219317912460602
mild,2012,125,AB5,MAE,0.9132473394367424
mild,2012,125,AB5,DA,0.5783132530120482
mild,2013,125,MPTE,RMSE,1.2863362529624724
mild,2013,125,MPTE,MAE,1.0063803510099698
mild,2013,125,MPTE,DA,0.6957831325301205
mild,2013,125,AR,RMSE,1.350303246368559
mild,2013,125,AR,MAE,1.0554143644176472
mild,2013,125,AR,DA,0.0391566265060241
mild,2013,125,MIDAS,RMSE,1.3144093379336195
mild,2013,125,MIDAS,MAE,1.0458446791739144
mild,2013,125,MIDAS,DA,0.6024096385542169
mild,2013,125,AB1,RMSE,1.2877938241944629
mild,2013,125,AB1,MAE,0.9973633166462567
mild,2013,125,AB1,DA,0.6867469879518072
mild,2013,125,AB2,RMSE,1.3488070512198262
mild,2013,125,AB2,MAE,1.0560280591360063
mild,2013,125,AB2,DA,0.5150602409638554
mild,2013,125,AB3,RMSE,1.2659094851314079
mild,2013,125,AB3,MAE,0.9900899844508219
mild,2013,125,AB3,DA,0.7108433734939759
mild,2013,125,AB4,RMSE,1.3421427180694365
mild,2013,125,AB4,MAE,1.0479021614900201
mild,2013,125,AB4,DA,0.5753012048192772
mild,2013,125,AB5,RMSE,1.2178327821271975
mild,2013,125,AB5,MAE,0.9477497731313135
mild,2013,125,AB5,DA,0.6897590361445783
mild,2014,125,MPTE,RMSE,1.2420686447245326
mild,2014,125,MPTE,MAE,0.98713320142175
mild,2014,125,MPTE,DA,0.5481927710843374
mild,2014,125,AR,RMSE,1.3165807712536841
mild,2014,125,AR,MAE,1.0414906782821118
mild,2014,125,AR,DA,0.02710843373493976
mild,2014,125,MIDAS,RMSE,1.2827633805139957
mild,2014,125,MIDAS,MAE,1.02910352652489
mild,2014,125,MIDAS,DA,0.608433734939759
mild,2014,125,AB1,RMSE,1.2744005162706105
mild,2014,125,AB1,MAE,1.0030990609199706
mild,2014,125,AB1,DA,0.5542168674698795
mild,2014,125,AB2,RMSE,1.3166280913457267
mild,2014,125,AB2,MAE,1.0416820212525597
mild,2014,125,AB2,DA,0.5210843373493976
mild,2014,125,AB3,RMSE,1.2826715260945774
mild,2014,125,AB3,MAE,1.0103664550276132
mild,2014,125,AB3,DA,0.5692771084337349
mild,2014,125,AB4,RMSE,1.3168082434314223
mild,2014,125,AB4,MAE,1.0418236284701736
mild,2014,125,AB4,DA,0.5662650602409639
mild,2014,125,AB5,RMSE,1.2908593024319324
mild,2014,125,AB5,MAE,1.0112859025054461
mild,2014,125,AB5,DA,0.4939759036144578
mild,2015,125,MPTE,RMSE,1.6187838670259709
mild,2015,125,MPTE,MAE,1.2689004457823783
mild,2015,125,MPTE,DA,0.75
mild,2015,125,AR,RMSE,1.8071060348865742
mild,2015,125,AR,MAE,1.454750009161786
mild,2015,125,AR,DA,0.21987951807228914
mild,2015,125,MIDAS,RMSE,1.604982439479257
mild,2015,125,MIDAS,MAE,1.2668451074080784
mild,2015,125,MIDAS,DA,0.7831325301204819
mild,2015,125,AB1,RMSE,1.6317639652788436
mild,2015,125,AB1,MAE,1.2943114402691707
mild,2015,125,AB1,DA,0.7921686746987951
mild,2015,125,AB2,RMSE,1.81415981816949
mild,2015,125,AB2,MAE,1.4611964629632044
mild,2015,125,AB2,DA,0.47289156626506024
mild,2015,125,AB3,RMSE,1.619207383496782
mild,2015,125,AB3,MAE,1.2806098809895232
mild,2015,125,AB3,DA,0.7771084337349398
mild,2015,125,AB4,RMSE,1.8080187940873043
mild,2015,125,AB4,MAE,1.4676744380679152
mild,2015,125,AB4,DA,0.5421686746987951
mild,2015,125,AB5,RMSE,1.6515128009822377
mild,2015,125,AB5,MAE,1.3474974679514977
mild,2015,125,AB5,DA,0.7620481927710844
mild,2016,125,MPTE,RMSE,1.1243440492894243
mild,2016,125,MPTE,MAE,0.9338884882601871
mild,2016,125,MPTE,DA,0.6204819277108434
mild,2016,125,AR,RMSE,1.104826035273971
mild,2016,125,AR,MAE,0.8859621453579364
mild,2016,125,AR,DA,0.009036144578313253
mild,2016,125,MIDAS,RMSE,1.118808563604625
mild,2016,125,MIDAS,MAE,0.8953652895438056
mild,2016,125,MIDAS,DA,0.5813253012048193
mild,2016,125,AB1,RMSE,1.2368021527442097
mild,2016,125,AB1,MAE,1.0161466147657623
mild,2016,125,AB1,DA,0.5662650602409639
mild,2016,125,AB2,RMSE,1.1030923575710418
mild,2016,125,AB2,MAE,0.8848080590440885
mild,2016,125,AB2,DA,0.4367469879518072
mild,2016,125,AB3,RMSE,1.0925751967425172
mild,2016,125,AB3,MAE,0.8967649806046812
mild,2016,125,AB3,DA,0.608433734939759
mild,2016,125,AB4,RMSE,1.106195074163865
mild,2016,125,AB4,MAE,0.8862807324447273
mild,2016,125,AB4,DA,0.5301204819277109
mild,2016,125,AB5,RMSE,1.1029955549752293
mild,2016,125,AB5,MAE,0.9032215697911306
mild,2016,125,AB5,DA,0.6234939759036144
mild,2017,125,MPTE,RMSE,1.2506996951458484
mild,2017,125,MPTE,MAE,1.003897483361321
mild,2017,125,MPTE,DA,0.5903614457831325
mild,2017,125,AR,RMSE,1.2492065168547175
mild,2017,125,AR,MAE,1.004220593961626
mild,2017,125,AR,DA,0.0
mild,2017,125,MIDAS,RMSE,1.2247340049043418
mild,2017,125,MIDAS,MAE,0.9410383656895355
mild,2017,125,MIDAS,DA,0.6174698795180723
mild,2017,125,AB1,RMSE,1.2656529688070937
mild,2017,125,AB1,MAE,0.992016961742676
mild,2017,125,AB1,DA,0.6054216867469879
mild,2017,125,AB2,RMSE,1.2507923776912404
mild,2017,125,AB2,MAE,1.0038278982119817
mild,2017,125,AB2,DA,0.5481927710843374
mild,2017,125,AB3,RMSE,1.2426776514679005
mild,2017,125,AB3,MAE,0.9948712874300402
mild,2017,125,AB3,DA,0.5602409638554217
mild,2017,125,AB4,RMSE,1.2571049313632818
mild,2017,125,AB4,MAE,1.0045711362582694
mild,2017,125,AB4,DA,0.5542168674698795
mild,2017,125,AB5,RMSE,1.2366380141836593
mild,2017,125,AB5,MAE,0.9633048337409544
mild,2017,125,AB5,DA,0.6204819277108434
mild,2018,125,MPTE,RMSE,1.2214010930833745
mild,2018,125,MPTE,MAE,0.9821142325251021
mild,2018,125,MPTE,DA,0.5572289156626506
mild,2018,125,AR,RMSE,1.1949121247776164
mild,2018,125,AR,MAE,0.9357245350173842
mild,2018,125,AR,DA,0.0783132530120482
mild,2018,125,MIDAS,RMSE,1.246473008207639
mild,2018,125,MIDAS,MAE,0.9832567699797441
mild,2018,125,MIDAS,DA,0.4789156626506024
mild,2018,125,AB1,RMSE,1.1651192461600755
mild,2018,125,AB1,MAE,0.930558731040709
mild,2018,125,AB1,DA,0.5933734939759037
mild,2018,125,AB2,RMSE,1.1838402226642901
mild,2018,125,AB2,MAE,0.9473871953496658
mild,2018,125,AB2,DA,0.5572289156626506
mild,2018,125,AB3,RMSE,1.201011598493056
mild,2018,125,AB3,MAE,0.9545342006731339
mild,2018,125,AB3,DA,0.5662650602409639
mild,2018,125,AB4,RMSE,1.2124810937106623
mild,2018,125,AB4,MAE,0.9536012480277146
mild,2018,125,AB4,DA,0.4789156626506024
mild,2018,125,AB5,RMSE,1.1792404904563683
mild,2018,125,AB5,MAE,0.95307290336996
mild,2018,125,AB5,DA,0.6385542168674698
mild,2019,125,MPTE,RMSE,0.9353471159201701
mild,2019,125,MPTE,MAE,0.7361594174930886
mild,2019,125,MPTE,DA,0.6054216867469879
mild,2019,125,AR,RMSE,1.0100054695329848
mild,2019,125,AR,MAE,0.7921199400286109
mild,2019,125,AR,DA,0.04216867469879518
mild,2019,125,MIDAS,RMSE,1.003921348137018
mild,2019,125,MIDAS,MAE,0.783411680230096
mild,2019,125,MIDAS,DA,0.5120481927710844
mild,2019,125,AB1,RMSE,0.9145291321887261
mild,2019,125,AB1,MAE,0.7204962604680041
mild,2019,125,AB1,DA,0.608433734939759
mild,2019,125,AB2,RMSE,0.9550904983387181
mild,2019,125,AB2,MAE,0.7538699155875749
mild,2019,125,AB2,DA,0.6114457831325302
mild,2019,125,AB3,RMSE,0.9629949822600858
mild,2019,125,AB3,MAE,0.7571356920553342
mild,2019,125,AB3,DA,0.5542168674698795
mild,2019,125,AB4,RMSE,1.0119568112319355
mild,2019,125,AB4,MAE,0.7892107566730515
mild,2019,125,AB4,DA,0.49096385542168675
mild,2019,125,AB5,RMSE,1.0011894753775268
mild,2019,125,AB5,MAE,0.7933148403252053
mild,2019,125,AB5,DA,0.5572289156626506
mild,2020,125,MPTE,RMSE,1.0532598530027837
mild,2020,125,MPTE,MAE,0.8363481713252351
mild,2020,125,MPTE,DA,0.5963855421686747
mild,2020,125,AR,RMSE,1.100877558977554
mild,2020,125,AR,MAE,0.8788637770526649
mild,2020,125,AR,DA,0.04216867469879518
mild,2020,125,MIDAS,RMSE,1.1733651129218319
mild,2020,125,MIDAS,MAE,0.9397478279145758
mild,2020,125,MIDAS,DA,0.5542168674698795
mild,2020,125,AB1,RMSE,1.0818267692516477
mild,2020,125,AB1,MAE,0.8637880776030146
mild,2020,125,AB1,DA,0.5753012048192772
mild,2020,125,AB2,RMSE,1.0980823696660513
mild,2020,125,AB2,MAE,0.8780195064162982
mild,2020,125,AB2,DA,0.47289156626506024
mild,2020,125,AB3,RMSE,1.0802695965557336
mild,2020,125,AB3,MAE,0.8683822739085068
mild,2020,125,AB3,DA,0.5963855421686747
mild,2020,125,AB4,RMSE,1.1045918315881338
mild,2020,125,AB4,MAE,0.8826171728292295
mild,2020,125,AB4,DA,0.5030120481927711
mild,2020,125,AB5,RMSE,1.1036213641421693
mild,2020,125,AB5,MAE,0.8788307082151142
mild,2020,125,AB5,DA,0.5783132530120482
mild,2021,125,MPTE,RMSE,1.2645439458303456
mild,2021,125,MPTE,MAE,1.0021243806049873
mild,2021,125,MPTE,DA,0.5662650602409639
mild,2021,125,AR,RMSE,2.011583090043112
mild,2021,125,AR,MAE,1.6842679727496976
mild,2021,125,AR,DA,0.25
mild,2021,125,MIDAS,RMSE,1.4901337199423417
mild,2021,125,MIDAS,MAE,1.190367496764388
mild,2021,125,MIDAS,DA,0.5120481927710844
mild,2021,125,AB1,RMSE,1.3291715460838591
mild,2021,125,AB1,MAE,1.0731869763873605
mild,2021,125,AB1,DA,0.5993975903614458
mild,2021,125,AB2,RMSE,1.2582732855706618
mild,2021,125,AB2,MAE,0.9875955544459287
mild,2021,125,AB2,DA,0.5873493975903614
mild,2021,125,AB3,RMSE,1.3806260429259847
mild,2021,125,AB3,MAE,1.1209218649422883
mild,2021,125,AB3,DA,0.5963855421686747
mild,2021,125,AB4,RMSE,1.4930615988358953
mild,2021,125,AB4,MAE,1.198205383152477
mild,2021,125,AB4,DA,0.5180722891566265
mild,2021,125,AB5,RMSE,1.2857574248063726
mild,2021,125,AB5,MAE,0.9928220087223837
mild,2021,125,AB5,DA,0.5512048192771084
mild,2022,125,MPTE,RMSE,1.1200001876356267
mild,2022,125,MPTE,MAE,0.8830542234026408
mild,2022,125,MPTE,DA,0.5602409638554217
mild,2022,125,AR,RMSE,1.1908516813891326
mild,2022,125,AR,MAE,0.9342349236312635
mild,2022,125,AR,DA,0.02108433734939759
mild,2022,125,MIDAS,RMSE,1.1964588785023407
mild,2022,125,MIDAS,MAE,0.9531357723286047
mild,2022,125,MIDAS,DA,0.5210843373493976
mild,2022,125,AB1,RMSE,1.1857296164880566
mild,2022,125,AB1,MAE,0.9462321074831829
mild,2022,125,AB1,DA,0.5421686746987951
mild,2022,125,AB2,RMSE,1.13164329576128
mild,2022,125,AB2,MAE,0.8903514594992971
mild,2022,125,AB2,DA,0.5451807228915663
mild,2022,125,AB3,RMSE,1.1568868921424924
mild,2022,125,AB3,MAE,0.9069410999924307
mild,2022,125,AB3,DA,0.5481927710843374
mild,2022,125,AB4,RMSE,1.1739763687113232
mild,2022,125,AB4,MAE,0.9253633160665651
mild,2022,125,AB4,DA,0.5060240963855421
mild,2022,125,AB5,RMSE,1.122966880516794
mild,2022,125,AB5,MAE,0.8820269759198743
mild,2022,125,AB5,DA,0.5753012048192772
mild,2023,125,MPTE,RMSE,1.1219828623662516
mild,2023,125,MPTE,MAE,0.9059498763976771
mild,2023,125,MPTE,DA,0.6837349397590361
mild,2023,125,AR,RMSE,1.1634421697427968
mild,2023,125,AR,MAE,0.9187926442945612
mild,2023,125,AR,DA,0.5271084337349398
mild,2023,125,MIDAS,RMSE,1.2207892025925755
mild,2023,125,MIDAS,MAE,0.9617723343919632
mild,2023,125,MIDAS,DA,0.5753012048192772
mild,2023,125,AB1,RMSE,1.1424211982098051
mild,2023,125,AB1,MAE,0.9181461603994346
mild,2023,125,AB1,DA,0.6927710843373494
mild,2023,125,AB2,RMSE,1.1598202654287704
mild,2023,125,AB2,MAE,0.9167578327799428
mild,2023,125,AB2,DA,0.5602409638554217
mild,2023,125,AB3,RMSE,1.1228709566558492
mild,2023,125,AB3,MAE,0.9000500344030374
mild,2023,125,AB3,DA,0.6686746987951807
mild,2023,125,AB4,RMSE,1.1583000984083565
mild,2023,125,AB4,MAE,0.9164125788888754
mild,2023,125,AB4,DA,0.641566265060241
mild,2023,125,AB5,RMSE,1.1262782349909397
mild,2023,125,AB5,MAE,0.9067329033298561
mild,2023,125,AB5,DA,0.6445783132530121
mild,2024,125,MPTE,RMSE,1.2932137842678988
mild,2024,125,MPTE,MAE,1.0123790145769738
mild,2024,125,MPTE,DA,0.5030120481927711
mild,2024,125,AR,RMSE,1.2953386980591235
mild,2024,125,AR,MAE,1.015292050560499
mild,2024,125,AR,DA,0.06325301204819277
mild,2024,125,MIDAS,RMSE,1.3063065649711698
mild,2024,125,MIDAS,MAE,1.0266429911890644
mild,2024,125,MIDAS,DA,0.5451807228915663
mild,2024,125,AB1,RMSE,1.1920678507643954
mild,2024,125,AB1,MAE,0.9564520990271177
mild,2024,125,AB1,DA,0.6506024096385542
mild,2024,125,AB2,RMSE,1.2930322942420511
mild,2024,125,AB2,MAE,1.0116244604574318
mild,2024,125,AB2,DA,0.5271084337349398
mild,2024,125,AB3,RMSE,1.254948838860722
mild,2024,125,AB3,MAE,0.9854762592376856
mild,2024,125,AB3,DA,0.6114457831325302
mild,2024,125,AB4,RMSE,1.2945477765910978
mild,2024,125,AB4,MAE,1.014255838926286
mild,2024,125,AB4,DA,0.4789156626506024
mild,2024,125,AB5,RMSE,1.2959260800325985
mild,2024,125,AB5,MAE,1.0199867358371837
mild,2024,125,AB5,DA,0.641566265060241
mild,2025,125,MPTE,RMSE,1.0796609258323788
mild,2025,125,MPTE,MAE,0.8653550562368811
mild,2025,125,MPTE,DA,0.4939759036144578
mild,2025,125,AR,RMSE,1.2098546818679472
mild,2025,125,AR,MAE,0.9865013280835419
mild,2025,125,AR,DA,0.0391566265060241
mild,2025,125,MIDAS,RMSE,1.2681247961000417
mild,2025,125,MIDAS,MAE,1.0269859982040148
mild,2025,125,MIDAS,DA,0.4819277108433735
mild,2025,125,AB1,RMSE,1.089176684305198
mild,2025,125,AB1,MAE,0.869674393630803
mild,2025,125,AB1,DA,0.4457831325301205
mild,2025,125,AB2,RMSE,1.0986442061230808
mild,2025,125,AB2,MAE,0.8886268247229614
mild,2025,125,AB2,DA,0.5271084337349398
mild,2025,125,AB3,RMSE,1.1067215465311633
mild,2025,125,AB3,MAE,0.8991851877685997
mild,2025,125,AB3,DA,0.42771084337349397
mild,2025,125,AB4,RMSE,1.1848283892760731
mild,2025,125,AB4,MAE,0.9551188716982274
mild,2025,125,AB4,DA,0.44879518072289154
mild,2025,125,AB5,RMSE,1.0976079273935464
mild,2025,125,AB5,MAE,0.8700024032768924
mild,2025,125,AB5,DA,0.4939759036144578
mild,2026,125,MPTE,RMSE,1.2170472961371477
mild,2026,125,MPTE,MAE,0.9742510467389913
mild,2026,125,MPTE,DA,0.7198795180722891
mild,2026,125,AR,RMSE,1.3829422013360824
mild,2026,125,AR,MAE,1.1081661824763627
mild,2026,125,AR,DA,0.02108433734939759
mild,2026,125,MIDAS,RMSE,1.3296959448880779
mild,2026,125,MIDAS,MAE,1.0595719511141868
mild,2026,125,MIDAS,DA,0.6265060240963856
mild,2026,125,AB1,RMSE,1.2604963060588046
mild,2026,125,AB1,MAE,1.0216155387748338
mild,2026,125,AB1,DA,0.6987951807228916
mild,2026,125,AB2,RMSE,1.3839319457686687
mild,2026,125,AB2,MAE,1.1110015017162143
mild,2026,125,AB2,DA,0.5210843373493976
mild,2026,125,AB5,RMSE,1.2870401390919752
mild,2026,125,AB5,MAE,1.025541634350295
mild,2026,125,AB5,DA,0.6987951807228916
mild,2027,125,MPTE,RMSE,1.3313768028168165
mild,2027,125,MPTE,MAE,1.0701104875340612
mild,2027,125,MPTE,DA,0.5542168674698795
mild,2027,125,AR,RMSE,1.366479557204767
mild,2027,125,AR,MAE,1.0846778257311038
mild,2027,125,AR,DA,0.06927710843373494
mild,2027,125,MIDAS,RMSE,1.3537333278832497
mild,2027,125,MIDAS,MAE,1.0670665543162328
mild,2027,125,MIDAS,DA,0.5271084337349398
mild,2027,125,AB1,RMSE,1.3231673795476782
mild,2027,125,AB1,MAE,1.0645650905632376
mild,2027,125,AB1,DA,0.5
mild,2027,125,AB2,RMSE,1.3684820493046177
mild,2027,125,AB2,MAE,1.089201161627166
mild,2027,125,AB2,DA,0.5843373493975904
mild,2027,125,AB3,RMSE,1.2868087935773869
mild,2027,125,AB3,MAE,1.042632726914751
mild,2027,125,AB3,DA,0.5030120481927711
mild,2027,125,AB4,RMSE,1.358130050910961
mild,2027,125,AB4,MAE,1.0807156450299347
mild,2027,125,AB4,DA,0.5331325301204819
mild,2027,125,AB5,RMSE,1.2473722673693233
mild,2027,125,AB5,MAE,0.9935348435706933
mild,2027,125,AB5,DA,0.536144578313253
mild,2028,125,MPTE,RMSE,1.3811743624726116
mild,2028,125,MPTE,MAE,1.1051265442860538
mild,2028,125,MPTE,DA,0.6174698795180723
mild,2028,125,AR,RMSE,1.6452385216378616
mild,2028,125,AR,MAE,1.308830918768136
mild,2028,125,AR,DA,0.045180722891566265
mild,2028,125,MIDAS,RMSE,1.4673953757278024
mild,2028,125,MIDAS,MAE,1.1561403399105799
mild,2028,125,MIDAS,DA,0.6174698795180723
mild,2028,125,AB1,RMSE,1.4173570173424808
mild,2028,125,AB1,MAE,1.1268090568963531
mild,2028,125,AB1,DA,0.5903614457831325
mild,2028,125,AB2,RMSE,1.7316259447969977
mild,2028,125,AB2,MAE,1.3898472876945298
mild,2028,125,AB2,DA,0.5180722891566265
mild,2028,125,AB3,RMSE,1.4639932223927066
mild,2028,125,AB3,MAE,1.1564071356647403
mild,2028,125,AB3,DA,0.6204819277108434
mild,2028,125,AB4,RMSE,1.6156832777586225
mild,2028,125,AB4,MAE,1.2986154076852756
mild,2028,125,AB4,DA,0.5120481927710844
mild,2028,125,AB5,RMSE,1.500417290144148
mild,2028,125,AB5,MAE,1.2124518011297538
mild,2028,125,AB5,DA,0.5331325301204819
mild,2029,125,MPTE,RMSE,1.3003539350102937
mild,2029,125,MPTE,MAE,1.0272969330348654
mild,2029,125,MPTE,DA,0.6174698795180723
mild,2029,125,AR,RMSE,1.3443505053760971
mild,2029,125,AR,MAE,1.0860340847442393
mild,2029,125,AR,DA,0.0391566265060241
mild,2029,125,MIDAS,RMSE,1.383785958559873
mild,2029,125,MIDAS,MAE,1.12506212448314
mild,2029,125,MIDAS,DA,0.5210843373493976
mild,2029,125,AB1,RMSE,1.325498676119465
mild,2029,125,AB1,MAE,1.055522937499184
mild,2029,125,AB1,DA,0.6054216867469879
mild,2029,125,AB2,RMSE,1.3476098608370335
mild,2029,125,AB2,MAE,1.08598754525184
mild,2029,125,AB2,DA,0.5391566265060241
mild,2029,125,AB3,RMSE,1.3294895498894186
mild,2029,125,AB3,MAE,1.0698329210255098
mild,2029,125,AB3,DA,0.5783132530120482
mild,2029,125,AB4,RMSE,1.3565906392979283
mild,2029,125,AB4,MAE,1.0950775459503048
mild,2029,125,AB4,DA,0.536144578313253
mild,2029,125,AB5,RMSE,1.2895821927394853
mild,2029,125,AB5,MAE,1.0339091813247079
mild,2029,125,AB5,DA,0.5993975903614458
mild,2030,125,MPTE,RMSE,0.9953177332987992
mild,2030,125,MPTE,MAE,0.7927056821234043
mild,2030,125,MPTE,DA,0.7771084337349398
mild,2030,125,AR,RMSE,1.1904298517802023
mild,2030,125,AR,MAE,0.9675255398742307
mild,2030,125,AR,DA,0.03313253012048193
mild,2030,125,MIDAS,RMSE,1.211324149563643
mild,2030,125,MIDAS,MAE,0.9923072350173276
mild,2030,125,MIDAS,DA,0.5150602409638554
mild,2030,125,AB1,RMSE,1.0646786263100394
mild,2030,125,AB1,MAE,0.8524631551176645
mild,2030,125,AB1,DA,0.7228915662650602
mild,2030,125,AB2,RMSE,1.0735793280317156
mild,2030,125,AB2,MAE,0.8657688806268943
mild,2030,125,AB2,DA,0.7349397590361446
mild,2030,125,AB3,RMSE,1.014594419653704
mild,2030,125,AB3,MAE,0.812761194783279
mild,2030,125,AB3,DA,0.7379518072289156
mild,2030,125,AB4,RMSE,1.1717003513855622
mild,2030,125,AB4,MAE,0.9493419265308146
mild,2030,125,AB4,DA,0.5903614457831325
mild,2030,125,AB5,RMSE,1.0041785789173447
mild,2030,125,AB5,MAE,0.8069255498727573
mild,2030,125,AB5,DA,0.7590361445783133
mild,2031,125,MPTE,RMSE,1.1810614121735512
mild,2031,125,MPTE,MAE,0.9180690617022753
mild,2031,125,MPTE,DA,0.6536144578313253
mild,2031,125,AR,RMSE,1.4815657947932224
mild,2031,125,AR,MAE,1.1503224734065984
mild,2031,125,AR,DA,0.25
mild,2031,125,MIDAS,RMSE,1.172806579506346
mild,2031,125,MIDAS,MAE,0.9260957735419104
mild,2031,125,MIDAS,DA,0.6024096385542169
mild,2031,125,AB1,RMSE,1.208061531601428
mild,2031,125,AB1,MAE,0.9542781134852297
mild,2031,125,AB1,DA,0.6506024096385542
mild,2031,125,AB2,RMSE,1.483307308428799
mild,2031,125,AB2,MAE,1.153583354733607
mild,2031,125,AB2,DA,0.5421686746987951
mild,2031,125,AB3,RMSE,1.1854112264345025
mild,2031,125,AB3,MAE,0.9203200447388077
mild,2031,125,AB3,DA,0.6114457831325302
mild,2031,125,AB4,RMSE,1.3951715395856312
mild,2031,125,AB4,MAE,1.0740555331665096
mild,2031,125,AB4,DA,0.572289156626506
mild,2031,125,AB5,RMSE,1.2636144167431604
mild,2031,125,AB5,MAE,1.0022741769019339
mild,2031,125,AB5,DA,0.608433734939759
mild,2032,125,MPTE,RMSE,1.2903707006288119
mild,2032,125,MPTE,MAE,1.0393621271767426
mild,2032,125,MPTE,DA,0.5090361445783133
mild,2032,125,AR,RMSE,1.4392509329188956
mild,2032,125,AR,MAE,1.1588089346878478
mild,2032,125,AR,DA,0.05421686746987952
mild,2032,125,MIDAS,RMSE,1.386852479232609
mild,2032,125,MIDAS,MAE,1.1162673509312628
mild,2032,125,MIDAS,DA,0.5783132530120482
mild,2032,125,AB1,RMSE,1.3003265919130846
mild,2032,125,AB1,MAE,1.054878537862871
mild,2032,125,AB1,DA,0.5692771084337349
mild,2032,125,AB2,RMSE,1.2812055115884262
mild,2032,125,AB2,MAE,1.0262978706935502
mild,2032,125,AB2,DA,0.5692771084337349
mild,2032,125,AB3,RMSE,1.2777149168787498
mild,2032,125,AB3,MAE,1.0292786176367787
mild,2032,125,AB3,DA,0.5692771084337349
mild,2032,125,AB4,RMSE,1.4442383982581508
mild,2032,125,AB4,MAE,1.1503328222952405
mild,2032,125,AB4,DA,0.5030120481927711
mild,2032,125,AB5,RMSE,1.2656467360230914
mild,2032,125,AB5,MAE,1.014088452030177
mild,2032,125,AB5,DA,0.5602409638554217
mild,2033,125,MPTE,RMSE,1.6949731448203482
mild,2033,125,MPTE,MAE,1.3285321389104772
mild,2033,125,MPTE,DA,0.5481927710843374
mild,2033,125,AR,RMSE,2.1793052655551284
mild,2033,125,AR,MAE,1.8103067494144056
mild,2033,125,AR,DA,0.12951807228915663
mild,2033,125,MIDAS,RMSE,1.7735625674088658
mild,2033,125,MIDAS,MAE,1.4174411404581382
mild,2033,125,MIDAS,DA,0.5150602409638554
mild,2033,125,AB1,RMSE,1.7170428111119627
mild,2033,125,AB1,MAE,1.3637255895923637
mild,2033,125,AB1,DA,0.44879518072289154
mild,2033,125,AB2,RMSE,1.709381985749611
mild,2033,125,AB2,MAE,1.3649238224396103
mild,2033,125,AB2,DA,0.46987951807228917
mild,2033,125,AB3,RMSE,1.7415758581783152
mild,2033,125,AB3,MAE,1.3916592043556788
mild,2033,125,AB3,DA,0.4186746987951807
mild,2033,125,AB4,RMSE,1.9568350857952228
mild,2033,125,AB4,MAE,1.5343044135661408
mild,2033,125,AB4,DA,0.5271084337349398
mild,2033,125,AB5,RMSE,1.8271636732416063
mild,2033,125,AB5,MAE,1.4384811167096838
mild,2033,125,AB5,DA,0.5180722891566265
mild,2034,125,MPTE,RMSE,1.0934793775104532
mild,2034,125,MPTE,MAE,0.8679074930832066
mild,2034,125,MPTE,DA,0.5301204819277109
mild,2034,125,AR,RMSE,1.1563955908847028
mild,2034,125,AR,MAE,0.9154821693693682
mild,2034,125,AR,DA,0.030120481927710843
mild,2034,125,MIDAS,RMSE,1.1640456876978895
mild,2034,125,MIDAS,MAE,0.9308180207597526
mild,2034,125,MIDAS,DA,0.5421686746987951
mild,2034,125,AB1,RMSE,1.1312773688331845
mild,2034,125,AB1,MAE,0.9086744763383263
mild,2034,125,AB1,DA,0.5451807228915663
mild,2034,125,AB2,RMSE,1.1289924513750393
mild,2034,125,AB2,MAE,0.886568724368348
mild,2034,125,AB2,DA,0.5271084337349398
mild,2034,125,AB3,RMSE,1.1493723793097905
mild,2034,125,AB3,MAE,0.9322725535484323
mild,2034,125,AB3,DA,0.5331325301204819
mild,2034,125,AB4,RMSE,1.181353301969926
mild,2034,125,AB4,MAE,0.9480417359462284
mild,2034,125,AB4,DA,0.4608433734939759
mild,2034,125,AB5,RMSE,1.0996236869699478
mild,2034,125,AB5,MAE,0.8765746261666881
mild,2034,125,AB5,DA,0.5632530120481928
mild,2035,125,MPTE,RMSE,1.2593528723830263
mild,2035,125,MPTE,MAE,0.9980125827985404
mild,2035,125,MPTE,DA,0.5391566265060241
mild,2035,125,AR,RMSE,1.25974108272279
mild,2035,125,AR,MAE,1.0278495684802273
mild,2035,125,AR,DA,0.018072289156626505
mild,2035,125,MIDAS,RMSE,1.2450559474666743
mild,2035,125,MIDAS,MAE,1.0117856267939285
mild,2035,125,MIDAS,DA,0.5873493975903614
mild,2035,125,AB1,RMSE,1.2440256406564367
mild,2035,125,AB1,MAE,1.0207534996024668
mild,2035,125,AB1,DA,0.5331325301204819
mild,2035,125,AB2,RMSE,1.2619170565034763
mild,2035,125,AB2,MAE,1.034009004431477
mild,2035,125,AB2,DA,0.5060240963855421
mild,2035,125,AB3,RMSE,1.2476114924468629
mild,2035,125,AB3,MAE,1.0199210057987926
mild,2035,125,AB3,DA,0.4939759036144578
mild,2035,125,AB4,RMSE,1.2607003263407441
mild,2035,125,AB4,MAE,1.0311043235548059
mild,2035,125,AB4,DA,0.4397590361445783
mild,2035,125,AB5,RMSE,1.2419798942274214
mild,2035,125,AB5,MAE,1.0151128205970799
mild,2035,125,AB5,DA,0.5451807228915663
mild,2036,125,MPTE,RMSE,1.0742496521972216
mild,2036,125,MPTE,MAE,0.8401693741357106
mild,2036,125,MPTE,DA,0.5903614457831325
mild,2036,125,AR,RMSE,1.1559069081635245
mild,2036,125,AR,MAE,0.9101608302606744
mild,2036,125,AR,DA,0.02710843373493976
mild,2036,125,MIDAS,RMSE,1.2626415963364002
mild,2036,125,MIDAS,MAE,0.9933862717108338
mild,2036,125,MIDAS,DA,0.4939759036144578
mild,2036,125,AB1,RMSE,1.1038493094257933
mild,2036,125,AB1,MAE,0.8622963906697231
mild,2036,125,AB1,DA,0.5602409638554217
mild,2036,125,AB2,RMSE,1.1715782184816477
mild,2036,125,AB2,MAE,0.9178624265394708
mild,2036,125,AB2,DA,0.47289156626506024
mild,2036,125,AB3,RMSE,1.114439955874635
mild,2036,125,AB3,MAE,0.8744865424643656
mild,2036,125,AB3,DA,0.5512048192771084
mild,2036,125,AB4,RMSE,1.1740960942440588
mild,2036,125,AB4,MAE,0.9145799379914618
mild,2036,125,AB4,DA,0.5391566265060241
mild,2036,125,AB5,RMSE,1.0730458241000276
mild,2036,125,AB5,MAE,0.8399195682603794
mild,2036,125,AB5,DA,0.6114457831325302
mild,2037,125,MPTE,RMSE,1.27955411029237
mild,2037,125,MPTE,MAE,1.0294401683145908
mild,2037,125,MPTE,DA,0.47289156626506024
mild,2037,125,AR,RMSE,1.3190896091719977
mild,2037,125,AR,MAE,1.0750538021483422
mild,2037,125,AR,DA,0.0391566265060241
mild,2037,125,MIDAS,RMSE,1.3615376251654376
mild,2037,125,MIDAS,MAE,1.0968883333270734
mild,2037,125,MIDAS,DA,0.5
mild,2037,125,AB1,RMSE,1.2969380127493138
mild,2037,125,AB1,MAE,1.0422976343059447
mild,2037,125,AB1,DA,0.4457831325301205
mild,2037,125,AB2,RMSE,1.3461595715277375
mild,2037,125,AB2,MAE,1.1006295336867977
mild,2037,125,AB2,DA,0.5120481927710844
mild,2037,125,AB3,RMSE,1.2987597714739794
mild,2037,125,AB3,MAE,1.0438440654122791
mild,2037,125,AB3,DA,0.5030120481927711
mild,2037,125,AB4,RMSE,1.3189197788093157
mild,2037,125,AB4,MAE,1.065194725812367
mild,2037,125,AB4,DA,0.4879518072289157
mild,2037,125,AB5,RMSE,1.2577580722703823
mild,2037,125,AB5,MAE,1.0148475701471606
mild,2037,125,AB5,DA,0.4608433734939759
mild,2038,125,MPTE,RMSE,1.216178369894706
mild,2038,125,MPTE,MAE,0.9564897095511904
mild,2038,125,MPTE,DA,0.5843373493975904
mild,2038,125,AR,RMSE,1.2497326782672484
mild,2038,125,AR,MAE,0.9917872002128557
mild,2038,125,AR,DA,0.045180722891566265
mild,2038,125,MIDAS,RMSE,1.227932854309543
mild,2038,125,MIDAS,MAE,0.9676282831883569
mild,2038,125,MIDAS,DA,0.5813253012048193
mild,2038,125,AB1,RMSE,1.2442223618913193
mild,2038,125,AB1,MAE,0.9805811725488655
mild,2038,125,AB1,DA,0.5451807228915663
mild,2038,125,AB2,RMSE,1.2463756503317853
mild,2038,125,AB2,MAE,0.9949616039193397
mild,2038,125,AB2,DA,0.5572289156626506
mild,2038,125,AB3,RMSE,1.233931058651442
mild,2038,125,AB3,MAE,0.9717696538858871
mild,2038,125,AB3,DA,0.5632530120481928
mild,2038,125,AB4,RMSE,1.245678353919632
mild,2038,125,AB4,MAE,0.9929334271976802
mild,2038,125,AB4,DA,0.5632530120481928
mild,2038,125,AB5,RMSE,1.2238654763348187
mild,2038,125,AB5,MAE,0.985237402152836
mild,2038,125,AB5,DA,0.5933734939759037
mild,2039,125,MPTE,RMSE,1.2288465217584401
mild,2039,125,MPTE,MAE,0.9719945443131306
mild,2039,125,MPTE,DA,0.5662650602409639
mild,2039,125,AR,RMSE,1.3380321224663998
mild,2039,125,AR,MAE,1.0605370979819444
mild,2039,125,AR,DA,0.0391566265060241
mild,2039,125,MIDAS,RMSE,1.2401114604203565
mild,2039,125,MIDAS,MAE,1.0004006720917646
mild,2039,125,MIDAS,DA,0.5813253012048193
mild,2039,125,AB1,RMSE,1.2427619095672204
mild,2039,125,AB1,MAE,0.9845303848684501
mild,2039,125,AB1,DA,0.5873493975903614
mild,2039,125,AB2,RMSE,1.3941251226159692
mild,2039,125,AB2,MAE,1.1124597499298068
mild,2039,125,AB2,DA,0.46987951807228917
mild,2039,125,AB3,RMSE,1.2864093160347916
mild,2039,125,AB3,MAE,1.0093680717302047
mild,2039,125,AB3,DA,0.5421686746987951
mild,2039,125,AB4,RMSE,1.317116193839731
mild,2039,125,AB4,MAE,1.0419357671837468
mild,2039,125,AB4,DA,0.4939759036144578
mild,2039,125,AB5,RMSE,1.2325197409203734
mild,2039,125,AB5,MAE,0.9654343961033642
mild,2039,125,AB5,DA,0.4939759036144578
mild,2040,125,MPTE,RMSE,1.1442639260039231
mild,2040,125,MPTE,MAE,0.8912644678985809
mild,2040,125,MPTE,DA,0.5451807228915663
mild,2040,125,AR,RMSE,1.2085205275263997
mild,2040,125,AR,MAE,0.9337551032696555
mild,2040,125,AR,DA,0.07530120481927711
mild,2040,125,MIDAS,RMSE,1.1919594521200518
mild,2040,125,MIDAS,MAE,0.9243069860804809
mild,2040,125,MIDAS,DA,0.5602409638554217
mild,2040,125,AB1,RMSE,1.16036702775009
mild,2040,125,AB1,MAE,0.8866392564220018
mild,2040,125,AB1,DA,0.5813253012048193
mild,2040,125,AB2,RMSE,1.195900105204839
mild,2040,125,AB2,MAE,0.9267645190739575
mild,2040,125,AB2,DA,0.45481927710843373
mild,2040,125,AB3,RMSE,1.1607331106373262
mild,2040,125,AB3,MAE,0.9018641495862443
mild,2040,125,AB3,DA,0.5873493975903614
mild,2040,125,AB4,RMSE,1.2118958213165876
mild,2040,125,AB4,MAE,0.9391081417285396
mild,2040,125,AB4,DA,0.4367469879518072
mild,2040,125,AB5,RMSE,1.1481217049144585
mild,2040,125,AB5,MAE,0.8904764171570207
mild,2040,125,AB5,DA,0.5692771084337349
mild,2041,125,MPTE,RMSE,1.1209897533583497
mild,2041,125,MPTE,MAE,0.8941021041279796
mild,2041,125,MPTE,DA,0.5512048192771084
mild,2041,125,AR,RMSE,1.2829712510493052
mild,2041,125,AR,MAE,1.0300883905481106
mild,2041,125,AR,DA,0.060240963855421686
mild,2041,125,MIDAS,RMSE,1.1812141614931047
mild,2041,125,MIDAS,MAE,0.9253459284753855
mild,2041,125,MIDAS,DA,0.5180722891566265
mild,2041,125,AB1,RMSE,1.1568689804939072
mild,2041,125,AB1,MAE,0.8997056999036862
mild,2041,125,AB1,DA,0.536144578313253
mild,2041,125,AB2,RMSE,1.275836340597314
mild,2041,125,AB2,MAE,1.022849246723093
mild,2041,125,AB2,DA,0.5662650602409639
mild,2041,125,AB3,RMSE,1.145782517132951
mild,2041,125,AB3,MAE,0.9167157619048443
mild,2041,125,AB3,DA,0.5542168674698795
mild,2041,125,AB4,RMSE,1.2268389558538801
mild,2041,125,AB4,MAE,0.9637800584262873
mild,2041,125,AB4,DA,0.46686746987951805
mild,2041,125,AB5,RMSE,1.196134046597721
mild,2041,125,AB5,MAE,0.955149303617972
mild,2041,125,AB5,DA,0.39156626506024095
mild,2042,125,MPTE,RMSE,1.1667722338298774
mild,2042,125,MPTE,MAE,0.9245082248581453
mild,2042,125,MPTE,DA,0.6656626506024096
mild,2042,125,AR,RMSE,1.3012661507768193
mild,2042,125,AR,MAE,1.0425757049586286
mild,2042,125,AR,DA,0.030120481927710843
mild,2042,125,MIDAS,RMSE,1.207665345916478
mild,2042,125,MIDAS,MAE,0.9601595750521175
mild,2042,125,MIDAS,DA,0.6506024096385542
mild,2042,125,AB1,RMSE,1.1829523725765083
mild,2042,125,AB1,MAE,0.9368081155626273
mild,2042,125,AB1,DA,0.6596385542168675
mild,2042,125,AB2,RMSE,1.3086269097269678
mild,2042,125,AB2,MAE,1.0482636404126267
mild,2042,125,AB2,DA,0.5783132530120482
mild,2042,125,AB3,RMSE,1.1446884706580256
mild,2042,125,AB3,MAE,0.9077945641529809
mild,2042,125,AB3,DA,0.6867469879518072
mild,2042,125,AB4,RMSE,1.311342525853391
mild,2042,125,AB4,MAE,1.0385088732155607
mild,2042,125,AB4,DA,0.5662650602409639
mild,2042,125,AB5,RMSE,1.1357818789570524
mild,2042,125,AB5,MAE,0.8983265175937486
mild,2042,125,AB5,DA,0.7018072289156626
mild,2043,125,MPTE,RMSE,0.9613398932077698
mild,2043,125,MPTE,MAE,0.7576720177014449
mild,2043,125,MPTE,DA,0.6234939759036144
mild,2043,125,AR,RMSE,1.0091718002841361
mild,2043,125,AR,MAE,0.7927946899444654
mild,2043,125,AR,DA,0.0030120481927710845
mild,2043,125,MIDAS,RMSE,1.08518796907929
mild,2043,125,MIDAS,MAE,0.8624120932015401
mild,2043,125,MIDAS,DA,0.4608433734939759
mild,2043,125,AB1,RMSE,1.040056306098574
mild,2043,125,AB1,MAE,0.8287964359594927
mild,2043,125,AB1,DA,0.5753012048192772
mild,2043,125,AB2,RMSE,1.0049884163170395
mild,2043,125,AB2,MAE,0.7837958568802131
mild,2043,125,AB2,DA,0.4307228915662651
mild,2043,125,AB3,RMSE,0.9689337719010854
mild,2043,125,AB3,MAE,0.7681994232246768
mild,2043,125,AB3,DA,0.6566265060240963
mild,2043,125,AB4,RMSE,1.004980986647315
mild,2043,125,AB4,MAE,0.7838047084147631
mild,2043,125,AB4,DA,0.46987951807228917
mild,2043,125,AB5,RMSE,0.9582597263362487
mild,2043,125,AB5,MAE,0.7526207516562664
mild,2043,125,AB5,DA,0.6355421686746988
mild,2044,125,MPTE,RMSE,1.3680959830785293
mild,2044,125,MPTE,MAE,1.0961987108855662
mild,2044,125,MPTE,DA,0.5813253012048193
mild,2044,125,AR,RMSE,1.5057510094969637
mild,2044,125,AR,MAE,1.2003874737451952
mild,2044,125,AR,DA,0.030120481927710843
mild,2044,125,MIDAS,RMSE,1.412825122084735
mild,2044,125,MIDAS,MAE,1.1080206867733307
mild,2044,125,MIDAS,DA,0.5391566265060241
mild,2044,125,AB1,RMSE,1.397213328910781
mild,2044,125,AB1,MAE,1.1170644284920437
mild,2044,125,AB1,DA,0.5933734939759037
mild,2044,125,AB2,RMSE,1.4720078088882573
mild,2044,125,AB2,MAE,1.1698263751396392
mild,2044,125,AB2,DA,0.5512048192771084
mild,2044,125,AB3,RMSE,1.4019108090606964
mild,2044,125,AB3,MAE,1.1098413733189634
mild,2044,125,AB3,DA,0.572289156626506
mild,2044,125,AB4,RMSE,1.503073196508468
mild,2044,125,AB4,MAE,1.1995097414259082
mild,2044,125,AB4,DA,0.4789156626506024
mild,2044,125,AB5,RMSE,1.4004257758745784
mild,2044,125,AB5,MAE,1.1001497167094374
mild,2044,125,AB5,DA,0.5481927710843374
mild,2045,125,MPTE,RMSE,1.492833769566348
mild,2045,125,MPTE,MAE,1.2012229208748493
mild,2045,125,MPTE,DA,0.6596385542168675
mild,2045,125,AR,RMSE,1.5781684032707237
mild,2045,125,AR,MAE,1.277671294499366
mild,2045,125,AR,DA,0.03313253012048193
mild,2045,125,MIDAS,RMSE,1.5639245179093582
mild,2045,125,MIDAS,MAE,1.2555761295085346
mild,2045,125,MIDAS,DA,0.6234939759036144
mild,2045,125,AB1,RMSE,1.4973473760767677
mild,2045,125,AB1,MAE,1.1994467454539814
mild,2045,125,AB1,DA,0.6596385542168675
mild,2045,125,AB2,RMSE,1.4931995397750124
mild,2045,125,AB2,MAE,1.1989904924253085
mild,2045,125,AB2,DA,0.677710843373494
mild,2045,125,AB3,RMSE,1.5096980170573149
mild,2045,125,AB3,MAE,1.2153107982189222
mild,2045,125,AB3,DA,0.6355421686746988
mild,2045,125,AB4,RMSE,1.5901215811771061
mild,2045,125,AB4,MAE,1.283575009557986
mild,2045,125,AB4,DA,0.6445783132530121
mild,2045,125,AB5,RMSE,1.5324626581236425
mild,2045,125,AB5,MAE,1.2431408577771
mild,2045,125,AB5,DA,0.6626506024096386
mild,2046,125,MPTE,RMSE,1.2015828005025406
mild,2046,125,MPTE,MAE,0.9518237369087426
mild,2046,125,MPTE,DA,0.7469879518072289
mild,2046,125,AR,RMSE,1.4536765969598284
mild,2046,125,AR,MAE,1.14624797469315
mild,2046,125,AR,DA,0.4759036144578313
mild,2046,125,MIDAS,RMSE,1.438533433770783
mild,2046,125,MIDAS,MAE,1.1336819743681048
mild,2046,125,MIDAS,DA,0.5301204819277109
mild,2046,125,AB1,RMSE,1.2314228990741412
mild,2046,125,AB1,MAE,0.9681350011091207
mild,2046,125,AB1,DA,0.7409638554216867
mild,2046,125,AB2,RMSE,1.2063532686115395
mild,2046,125,AB2,MAE,0.9547075049864941
mild,2046,125,AB2,DA,0.7168674698795181
mild,2046,125,AB3,RMSE,1.2226854174251938
mild,2046,125,AB3,MAE,0.9862508881392624
mild,2046,125,AB3,DA,0.7198795180722891
mild,2046,125,AB4,RMSE,1.4318597482791362
mild,2046,125,AB4,MAE,1.124201964454029
mild,2046,125,AB4,DA,0.6325301204819277
mild,2046,125,AB5,RMSE,1.2085493568425156
mild,2046,125,AB5,MAE,0.9644188639915416
mild,2046,125,AB5,DA,0.7560240963855421
mild,2047,125,MPTE,RMSE,0.9530450062976465
mild,2047,125,MPTE,MAE,0.7603881035258976
mild,2047,125,MPTE,DA,0.7078313253012049
mild,2047,125,AR,RMSE,1.0528882762118115
mild,2047,125,AR,MAE,0.8354010724906409
mild,2047,125,AR,DA,0.045180722891566265
mild,2047,125,MIDAS,RMSE,1.1035984655194286
mild,2047,125,MIDAS,MAE,0.8722022424579511
mild,2047,125,MIDAS,DA,0.572289156626506
mild,2047,125,AB1,RMSE,0.9884533575733181
mild,2047,125,AB1,MAE,0.7795786811949784
mild,2047,125,AB1,DA,0.6536144578313253
mild,2047,125,AB2,RMSE,1.0583979003939703
mild,2047,125,AB2,MAE,0.83843497804839
mild,2047,125,AB2,DA,0.4578313253012048
mild,2047,125,AB3,RMSE,1.000768986237989
mild,2047,125,AB3,MAE,0.7875506210390322
mild,2047,125,AB3,DA,0.6114457831325302
mild,2047,125,AB4,RMSE,1.0496622285217447
mild,2047,125,AB4,MAE,0.8350058816279463
mild,2047,125,AB4,DA,0.5090361445783133
mild,2047,125,AB5,RMSE,0.9693646504035361
mild,2047,125,AB5,MAE,0.7611907124541307
mild,2047,125,AB5,DA,0.6837349397590361
mild,2048,125,MPTE,RMSE,1.3297797539944516
mild,2048,125,MPTE,MAE,1.0860364709610397
mild,2048,125,MPTE,DA,0.5331325301204819
mild,2048,125,AR,RMSE,1.3708592036306309
mild,2048,125,AR,MAE,1.124933380265751
mild,2048,125,AR,DA,0.0572289156626506
mild,2048,125,MIDAS,RMSE,1.2683396274869079
mild,2048,125,MIDAS,MAE,0.9957066699972648
mild,2048,125,MIDAS,DA,0.6355421686746988
mild,2048,125,AB1,RMSE,1.3274657222472468
mild,2048,125,AB1,MAE,1.064153021175961
mild,2048,125,AB1,DA,0.5481927710843374
mild,2048,125,AB2,RMSE,1.3649880191835262
mild,2048,125,AB2,MAE,1.1201450944223532
mild,2048,125,AB2,DA,0.4427710843373494
mild,2048,125,AB3,RMSE,1.2718166122799508
mild,2048,125,AB3,MAE,1.022303657031846
mild,2048,125,AB3,DA,0.608433734939759
mild,2048,125,AB4,RMSE,1.3643355866157414
mild,2048,125,AB4,MAE,1.115190709871617
mild,2048,125,AB4,DA,0.463855421686747
mild,2048,125,AB5,RMSE,1.3437993816057439
mild,2048,125,AB5,MAE,1.0975357183474632
mild,2048,125,AB5,DA,0.49698795180722893
mild,2049,125,MPTE,RMSE,1.48609899211358
mild,2049,125,MPTE,MAE,1.1554276808837265
mild,2049,125,MPTE,DA,0.5813253012048193
mild,2049,125,AR,RMSE,1.7498974803137024
mild,2049,125,AR,MAE,1.3981016030166782
mild,2049,125,AR,DA,0.28313253012048195
mild,2049,125,MIDAS,RMSE,1.5544432019297592
mild,2049,125,MIDAS,MAE,1.2159586073076192
mild,2049,125,MIDAS,DA,0.5120481927710844
mild,2049,125,AB1,RMSE,1.5148131551274595
mild,2049,125,AB1,MAE,1.154419900653924
mild,2049,125,AB1,DA,0.5843373493975904
mild,2049,125,AB2,RMSE,1.7311066987358605
mild,2049,125,AB2,MAE,1.3773763693736158
mild,2049,125,AB2,DA,0.4578313253012048
mild,2049,125,AB3,RMSE,1.5186242590077947
mild,2049,125,AB3,MAE,1.2039196614191272
mild,2049,125,AB3,DA,0.6204819277108434
mild,2049,125,AB4,RMSE,1.608355735419284
mild,2049,125,AB4,MAE,1.246006648658588
mild,2049,125,AB4,DA,0.4367469879518072
mild,2049,125,AB5,RMSE,1.4948122864807198
mild,2049,125,AB5,MAE,1.1710071634922568
mild,2049,125,AB5,DA,0.6325301204819277
mild,2050,125,MPTE,RMSE,1.2044647915943794
mild,2050,125,MPTE,MAE,0.9483241199941349
mild,2050,125,MPTE,DA,0.6445783132530121
mild,2050,125,AR,RMSE,1.287546478395503
mild,2050,125,AR,MAE,1.0283248224764447
mild,2050,125,AR,DA,0.03313253012048193
mild,2050,125,MIDAS,RMSE,1.2941402007827387
mild,2050,125,MIDAS,MAE,1.029608491853978
mild,2050,125,MIDAS,DA,0.5933734939759037
mild,2050,125,AB1,RMSE,1.2595771111298144
mild,2050,125,AB1,MAE,1.0085042995333562
mild,2050,125,AB1,DA,0.6385542168674698
mild,2050,125,AB2,RMSE,1.2364910598526553
mild,2050,125,AB2,MAE,0.982088989722271
mild,2050,125,AB2,DA,0.6475903614457831
mild,2050,125,AB3,RMSE,1.2429247348999697
mild,2050,125,AB3,MAE,0.9798756768170143
mild,2050,125,AB3,DA,0.6596385542168675
mild,2050,125,AB4,RMSE,1.2618515138194586
mild,2050,125,AB4,MAE,1.0116124227433942
mild,2050,125,AB4,DA,0.6716867469879518
mild,2050,125,AB5,RMSE,1.2212370478467756
mild,2050,125,AB5,MAE,0.9609519613103662
mild,2050,125,AB5,DA,0.6686746987951807
mild,2051,125,MPTE,RMSE,1.103647411630938
mild,2051,125,MPTE,MAE,0.9045518551523174
mild,2051,125,MPTE,DA,0.4759036144578313
mild,2051,125,AR,RMSE,1.1003310861939901
mild,2051,125,AR,MAE,0.8981422527965818
mild,2051,125,AR,DA,0.02710843373493976
mild,2051,125,MIDAS,RMSE,1.1813964753206652
mild,2051,125,MIDAS,MAE,0.9632430280415353
mild,2051,125,MIDAS,DA,0.46987951807228917
mild,2051,125,AB1,RMSE,1.0685274427431788
mild,2051,125,AB1,MAE,0.8539982716851531
mild,2051,125,AB1,DA,0.5903614457831325
mild,2051,125,AB2,RMSE,1.104525167008435
mild,2051,125,AB2,MAE,0.9054420646948044
mild,2051,125,AB2,DA,0.4939759036144578
mild,2051,125,AB5,RMSE,1.0300081941891908
mild,2051,125,AB5,MAE,0.8354689214845107
mild,2051,125,AB5,DA,0.6054216867469879
mild,2052,125,MPTE,RMSE,1.154201661590439
mild,2052,125,MPTE,MAE,0.9123243749819777
mild,2052,125,MPTE,DA,0.6475903614457831
mild,2052,125,AR,RMSE,1.2253841981549771
mild,2052,125,AR,MAE,0.9721327667756419
mild,2052,125,AR,DA,0.09337349397590361
mild,2052,125,MIDAS,RMSE,1.211995819490404
mild,2052,125,MIDAS,MAE,0.9734315856476127
mild,2052,125,MIDAS,DA,0.5150602409638554
mild,2052,125,AB1,RMSE,1.1489981360508459
mild,2052,125,AB1,MAE,0.9195553045244422
mild,2052,125,AB1,DA,0.6626506024096386
mild,2052,125,AB2,RMSE,1.2244988161610793
mild,2052,125,AB2,MAE,0.9712507763327054
mild,2052,125,AB2,DA,0.5090361445783133
mild,2052,125,AB3,RMSE,1.1967876027680258
mild,2052,125,AB3,MAE,0.9362705406542916
mild,2052,125,AB3,DA,0.6355421686746988
mild,2052,125,AB4,RMSE,1.2068849281067293
mild,2052,125,AB4,MAE,0.966647166672657
mild,2052,125,AB4,DA,0.5271084337349398
mild,2052,125,AB5,RMSE,1.1610168120780184
mild,2052,125,AB5,MAE,0.9304121346023295
mild,2052,125,AB5,DA,0.6355421686746988
mild,2053,125,MPTE,RMSE,1.3401332691688776
mild,2053,125,MPTE,MAE,1.0605802431943454
mild,2053,125,MPTE,DA,0.5542168674698795
mild,2053,125,AR,RMSE,1.4912930145389327
mild,2053,125,AR,MAE,1.2014915029536872
mild,2053,125,AR,DA,0.03614457831325301
mild,2053,125,MIDAS,RMSE,1.4079715007977514
mild,2053,125,MIDAS,MAE,1.1580351744374577
mild,2053,125,MIDAS,DA,0.5542168674698795
mild,2053,125,AB1,RMSE,1.3663743805634285
mild,2053,125,AB1,MAE,1.0908923417721732
mild,2053,125,AB1,DA,0.5813253012048193
mild,2053,125,AB2,RMSE,1.3707156505347247
mild,2053,125,AB2,MAE,1.0987306776147974
mild,2053,125,AB2,DA,0.6114457831325302
mild,2053,125,AB3,RMSE,1.3363125748168045
mild,2053,125,AB3,MAE,1.0750238848148697
mild,2053,125,AB3,DA,0.5753012048192772
mild,2053,125,AB4,RMSE,1.4863645919066288
mild,2053,125,AB4,MAE,1.1949804341563148
mild,2053,125,AB4,DA,0.5060240963855421
mild,2053,125,AB5,RMSE,1.3433854687500753
mild,2053,125,AB5,MAE,1.0655438951525449
mild,2053,125,AB5,DA,0.5783132530120482
mild,2054,125,MPTE,RMSE,1.2321154277843844
mild,2054,125,MPTE,MAE,0.9948439510536616
mild,2054,125,MPTE,DA,0.6626506024096386
mild,2054,125,AR,RMSE,1.2750567432138713
mild,2054,125,AR,MAE,1.00164077742793
mild,2054,125,AR,DA,0.018072289156626505
mild,2054,125,MIDAS,RMSE,1.2990961780449128
mild,2054,125,MIDAS,MAE,1.0376277649230758
mild,2054,125,MIDAS,DA,0.536144578313253
mild,2054,125,AB1,RMSE,1.2538353889678024
mild,2054,125,AB1,MAE,0.9937610667771807
mild,2054,125,AB1,DA,0.6265060240963856
mild,2054,125,AB2,RMSE,1.2727172853822983
mild,2054,125,AB2,MAE,0.9937848675663898
mild,2054,125,AB2,DA,0.5150602409638554
mild,2054,125,AB3,RMSE,1.2273390790670466
mild,2054,125,AB3,MAE,0.9746672047597503
mild,2054,125,AB3,DA,0.5993975903614458
mild,2054,125,AB4,RMSE,1.2788824555060467
mild,2054,125,AB4,MAE,1.0115491022158103
mild,2054,125,AB4,DA,0.5331325301204819
mild,2054,125,AB5,RMSE,1.266565601084749
mild,2054,125,AB5,MAE,1.0034548641361891
mild,2054,125,AB5,DA,0.5813253012048193
mild,2055,125,MPTE,RMSE,1.2124141179645918
mild,2055,125,MPTE,MAE,0.9997830709023654
mild,2055,125,MPTE,DA,0.713855421686747
mild,2055,125,AR,RMSE,1.2605430608506893
mild,2055,125,AR,MAE,1.0293252177634893
mild,2055,125,AR,DA,0.04819277108433735
mild,2055,125,MIDAS,RMSE,1.262008365157011
mild,2055,125,MIDAS,MAE,1.0309829857715223
mild,2055,125,MIDAS,DA,0.5542168674698795
mild,2055,125,AB1,RMSE,1.1885596926478534
mild,2055,125,AB1,MAE,0.971853138174281
mild,2055,125,AB1,DA,0.6716867469879518
mild,2055,125,AB2,RMSE,1.2601172132789749
mild,2055,125,AB2,MAE,1.0288218311734865
mild,2055,125,AB2,DA,0.536144578313253
mild,2055,125,AB3,RMSE,1.1802033634081384
mild,2055,125,AB3,MAE,0.977780795383898
mild,2055,125,AB3,DA,0.7018072289156626
mild,2055,125,AB4,RMSE,1.2599500545816023
mild,2055,125,AB4,MAE,1.0287372220122155
mild,2055,125,AB4,DA,0.5240963855421686
mild,2055,125,AB5,RMSE,1.1595058806672907
mild,2055,125,AB5,MAE,0.9409706887302408
mild,2055,125,AB5,DA,0.677710843373494
mild,2056,125,MPTE,RMSE,1.3281194355554584
mild,2056,125,MPTE,MAE,1.0633427041807906
mild,2056,125,MPTE,DA,0.49096385542168675
mild,2056,125,AR,RMSE,1.4948796945118723
mild,2056,125,AR,MAE,1.1988141744109422
mild,2056,125,AR,DA,0.07228915662650602
mild,2056,125,MIDAS,RMSE,1.3833001573592008
mild,2056,125,MIDAS,MAE,1.0902169677223927
mild,2056,125,MIDAS,DA,0.5602409638554217
mild,2056,125,AB1,RMSE,1.3589751373705101
mild,2056,125,AB1,MAE,1.1001233833679955
mild,2056,125,AB1,DA,0.5271084337349398
mild,2056,125,AB2,RMSE,1.3259407808932413
mild,2056,125,AB2,MAE,1.0567852308964218
mild,2056,125,AB2,DA,0.5090361445783133
mild,2056,125,AB3,RMSE,1.3283143353452591
mild,2056,125,AB3,MAE,1.0565586265398528
mild,2056,125,AB3,DA,0.48493975903614456
mild,2056,125,AB4,RMSE,1.4181261215445677
mild,2056,125,AB4,MAE,1.1316304642045532
mild,2056,125,AB4,DA,0.47289156626506024
mild,2056,125,AB5,RMSE,1.3776895569167174
mild,2056,125,AB5,MAE,1.1069028632105535
mild,2056,125,AB5,DA,0.47289156626506024
mild,2057,125,MPTE,RMSE,1.331209636026894
mild,2057,125,MPTE,MAE,1.0639077111445816
mild,2057,125,MPTE,DA,0.5150602409638554
mild,2057,125,AR,RMSE,1.2991668777416996
mild,2057,125,AR,MAE,1.03729546374819
mild,2057,125,AR,DA,0.0
mild,2057,125,MIDAS,RMSE,1.3746377160362986
mild,2057,125,MIDAS,MAE,1.0982035873666562
mild,2057,125,MIDAS,DA,0.5090361445783133
mild,2057,125,AB1,RMSE,1.2993693346374975
mild,2057,125,AB1,MAE,1.0426045166404851
mild,2057,125,AB1,DA,0.5271084337349398
mild,2057,125,AB2,RMSE,1.30584605211764
mild,2057,125,AB2,MAE,1.046789488437365
mild,2057,125,AB2,DA,0.46987951807228917
mild,2057,125,AB3,RMSE,1.3135813780151513
mild,2057,125,AB3,MAE,1.0527964516008543
mild,2057,125,AB3,DA,0.4427710843373494
mild,2057,125,AB4,RMSE,1.3004129779564615
mild,2057,125,AB4,MAE,1.0395011052640786
mild,2057,125,AB4,DA,0.48493975903614456
mild,2057,125,AB5,RMSE,1.3337851324127938
mild,2057,125,AB5,MAE,1.0741939889267977
mild,2057,125,AB5,DA,0.4759036144578313
mild,2058,125,MPTE,RMSE,1.4122230548926646
mild,2058,125,MPTE,MAE,1.1469879527736535
mild,2058,125,MPTE,DA,0.5843373493975904
mild,2058,125,AR,RMSE,1.315376928256523
mild,2058,125,AR,MAE,1.0557150933224222
mild,2058,125,AR,DA,0.02108433734939759
mild,2058,125,MIDAS,RMSE,1.3105163946692102
mild,2058,125,MIDAS,MAE,1.0512664704222632
mild,2058,125,MIDAS,DA,0.5602409638554217
mild,2058,125,AB1,RMSE,1.2842159579093935
mild,2058,125,AB1,MAE,1.0332372203726288
mild,2058,125,AB1,DA,0.5391566265060241
mild,2058,125,AB2,RMSE,1.3218560332944687
mild,2058,125,AB2,MAE,1.0613272113882548
mild,2058,125,AB2,DA,0.5180722891566265
mild,2058,125,AB3,RMSE,1.2842687451341677
mild,2058,125,AB3,MAE,1.0333305205604963
mild,2058,125,AB3,DA,0.536144578313253
mild,2058,125,AB4,RMSE,1.3232643259387347
mild,2058,125,AB4,MAE,1.0648204431905737
mild,2058,125,AB4,DA,0.44879518072289154
mild,2058,125,AB5,RMSE,1.2719759558922918
mild,2058,125,AB5,MAE,1.0035945569772744
mild,2058,125,AB5,DA,0.5813253012048193
mild,2059,125,MPTE,RMSE,1.0679830478449153
mild,2059,125,MPTE,MAE,0.8463901142015665
mild,2059,125,MPTE,DA,0.6716867469879518
mild,2059,125,AR,RMSE,1.2651649992307632
mild,2059,125,AR,MAE,0.9790381799817695
mild,2059,125,AR,DA,0.060240963855421686
mild,2059,125,MIDAS,RMSE,1.140071505350052
mild,2059,125,MIDAS,MAE,0.9147294495746586
mild,2059,125,MIDAS,DA,0.5451807228915663
mild,2059,125,AB1,RMSE,1.1146714301362548
mild,2059,125,AB1,MAE,0.8712692692591664
mild,2059,125,AB1,DA,0.6506024096385542
mild,2059,125,AB2,RMSE,1.0520278585703666
mild,2059,125,AB2,MAE,0.8278056719662488
mild,2059,125,AB2,DA,0.6385542168674698
mild,2059,125,AB3,RMSE,1.100374682870955
mild,2059,125,AB3,MAE,0.8674823332217458
mild,2059,125,AB3,DA,0.6475903614457831
mild,2059,125,AB4,RMSE,1.139491046494625
mild,2059,125,AB4,MAE,0.8848365591548356
mild,2059,125,AB4,DA,0.5632530120481928
mild,2059,125,AB5,RMSE,1.1325373411453596
mild,2059,125,AB5,MAE,0.8884784514944709
mild,2059,125,AB5,DA,0.6475903614457831
mild,2060,125,MPTE,RMSE,1.2968776849148715
mild,2060,125,MPTE,MAE,1.0532902449345567
mild,2060,125,MPTE,DA,0.5421686746987951
mild,2060,125,AR,RMSE,1.5970223092988436
mild,2060,125,AR,MAE,1.3103654960392712
mild,2060,125,AR,DA,0.2620481927710843
mild,2060,125,MIDAS,RMSE,1.5140725533393056
mild,2060,125,MIDAS,MAE,1.2120615643419477
mild,2060,125,MIDAS,DA,0.5030120481927711
mild,2060,125,AB1,RMSE,1.2954955505168633
mild,2060,125,AB1,MAE,1.0528581548966547
mild,2060,125,AB1,DA,0.5813253012048193
mild,2060,125,AB2,RMSE,1.5973521191598694
mild,2060,125,AB2,MAE,1.3114116832219025
mild,2060,125,AB2,DA,0.463855421686747
mild,2060,125,AB3,RMSE,1.330206869776758
mild,2060,125,AB3,MAE,1.085680587805165
mild,2060,125,AB3,DA,0.5150602409638554
mild,2060,125,AB4,RMSE,1.5096909774620797
mild,2060,125,AB4,MAE,1.2269723470845937
mild,2060,125,AB4,DA,0.48493975903614456
mild,2060,125,AB5,RMSE,1.3038608020147993
mild,2060,125,AB5,MAE,1.0731312974910194
mild,2060,125,AB5,DA,0.5512048192771084
mild,2061,125,MPTE,RMSE,1.1295858039828486
mild,2061,125,MPTE,MAE,0.8954529554521214
mild,2061,125,MPTE,DA,0.7409638554216867
mild,2061,125,AR,RMSE,1.4186602490618934
mild,2061,125,AR,MAE,1.1190686215605825
mild,2061,125,AR,DA,0.06325301204819277
mild,2061,125,MIDAS,RMSE,1.4325498657597364
mild,2061,125,MIDAS,MAE,1.117648784736417
mild,2061,125,MIDAS,DA,0.5240963855421686
mild,2061,125,AB1,RMSE,1.1824454884061508
mild,2061,125,AB1,MAE,0.9246403258611376
mild,2061,125,AB1,DA,0.7108433734939759
mild,2061,125,AB2,RMSE,1.09696493914529
mild,2061,125,AB2,MAE,0.8663213996109254
mild,2061,125,AB2,DA,0.7530120481927711
mild,2061,125,AB3,RMSE,1.1146208107348385
mild,2061,125,AB3,MAE,0.8935988952791364
mild,2061,125,AB3,DA,0.7439759036144579
mild,2061,125,AB4,RMSE,1.3848825632211452
mild,2061,125,AB4,MAE,1.0961676307311756
mild,2061,125,AB4,DA,0.6445783132530121
mild,2061,125,AB5,RMSE,1.1387078754017916
mild,2061,125,AB5,MAE,0.9124321531126097
mild,2061,125,AB5,DA,0.75
mild,2062,125,MPTE,RMSE,1.1706136238867686
mild,2062,125,MPTE,MAE,0.9562216923023314
mild,2062,125,MPTE,DA,0.572289156626506
mild,2062,125,AR,RMSE,1.3041331476859774
mild,2062,125,AR,MAE,1.0548232895437781
mild,2062,125,AR,DA,0.03313253012048193
mild,2062,125,MIDAS,RMSE,1.2539555668834328
mild,2062,125,MIDAS,MAE,1.0093627590620793
mild,2062,125,MIDAS,DA,0.5240963855421686
mild,2062,125,AB1,RMSE,1.2899502884700211
mild,2062,125,AB1,MAE,1.0291106956698415
mild,2062,125,AB1,DA,0.5271084337349398
mild,2062,125,AB2,RMSE,1.3038312463547428
mild,2062,125,AB2,MAE,1.0471727323942446
mild,2062,125,AB2,DA,0.5662650602409639
mild,2062,125,AB3,RMSE,1.241156532092689
mild,2062,125,AB3,MAE,0.9968198373012104
mild,2062,125,AB3,DA,0.5271084337349398
mild,2062,125,AB4,RMSE,1.309383851987634
mild,2062,125,AB4,MAE,1.055073603096351
mild,2062,125,AB4,DA,0.5692771084337349
mild,2062,125,AB5,RMSE,1.210028821382055
mild,2062,125,AB5,MAE,0.9694803502322424
mild,2062,125,AB5,DA,0.4879518072289157
mild,2063,125,MPTE,RMSE,1.0974986675129028
mild,2063,125,MPTE,MAE,0.8636824275877305
mild,2063,125,MPTE,DA,0.6837349397590361
mild,2063,125,AR,RMSE,1.2395834817814844
mild,2063,125,AR,MAE,0.9869137331763922
mild,2063,125,AR,DA,0.0
mild,2063,125,MIDAS,RMSE,1.1684349833979462
mild,2063,125,MIDAS,MAE,0.9338642657324151
mild,2063,125,MIDAS,DA,0.572289156626506
mild,2063,125,AB1,RMSE,1.1876328782593646
mild,2063,125,AB1,MAE,0.9356391638805241
mild,2063,125,AB1,DA,0.608433734939759
mild,2063,125,AB2,RMSE,1.1464793971273441
mild,2063,125,AB2,MAE,0.8978776255505029
mild,2063,125,AB2,DA,0.608433734939759
mild,2063,125,AB3,RMSE,1.1921664734929975
mild,2063,125,AB3,MAE,0.9245939632406844
mild,2063,125,AB3,DA,0.5873493975903614
mild,2063,125,AB4,RMSE,1.2181008131061948
mild,2063,125,AB4,MAE,0.9741526575704192
mild,2063,125,AB4,DA,0.5993975903614458
mild,2063,125,AB5,RMSE,1.1723787740184919
mild,2063,125,AB5,MAE,0.9502091167655927
mild,2063,125,AB5,DA,0.6174698795180723
mild,2064,125,MPTE,RMSE,1.2807223642351733
mild,2064,125,MPTE,MAE,1.0215080170650712
mild,2064,125,MPTE,DA,0.7168674698795181
mild,2064,125,AR,RMSE,1.3169960985405318
mild,2064,125,AR,MAE,1.0692970197131928
mild,2064,125,AR,DA,0.024096385542168676
mild,2064,125,MIDAS,RMSE,1.2380874368986234
mild,2064,125,MIDAS,MAE,0.996221508533468
mild,2064,125,MIDAS,DA,0.6536144578313253
mild,2064,125,AB1,RMSE,1.1713180925934275
mild,2064,125,AB1,MAE,0.9457537836860938
mild,2064,125,AB1,DA,0.7469879518072289
mild,2064,125,AB2,RMSE,1.316156067288509
mild,2064,125,AB2,MAE,1.0687021210950591
mild,2064,125,AB2,DA,0.6445783132530121
mild,2064,125,AB3,RMSE,1.2221095847590906
mild,2064,125,AB3,MAE,0.9761925237323921
mild,2064,125,AB3,DA,0.7048192771084337
mild,2064,125,AB4,RMSE,1.3029040726291583
mild,2064,125,AB4,MAE,1.0529093133885146
mild,2064,125,AB4,DA,0.6385542168674698
mild,2064,125,AB5,RMSE,1.2183554516955233
mild,2064,125,AB5,MAE,0.9811717264424782
mild,2064,125,AB5,DA,0.7680722891566265
mild,2065,125,MPTE,RMSE,1.273309378128337
mild,2065,125,MPTE,MAE,1.0134962909302232
mild,2065,125,MPTE,DA,0.5240963855421686
mild,2065,125,AR,RMSE,1.3245996167655816
mild,2065,125,AR,MAE,1.0557682355054478
mild,2065,125,AR,DA,0.02710843373493976
mild,2065,125,MIDAS,RMSE,1.3828920891964112
mild,2065,125,MIDAS,MAE,1.1067323065100723
mild,2065,125,MIDAS,DA,0.4819277108433735
mild,2065,125,AB1,RMSE,1.3379764931652873
mild,2065,125,AB1,MAE,1.0771253139639554
mild,2065,125,AB1,DA,0.5030120481927711
mild,2065,125,AB2,RMSE,1.3286056942562532
mild,2065,125,AB2,MAE,1.0586882732261873
mild,2065,125,AB2,DA,0.5090361445783133
mild,2065,125,AB3,RMSE,1.3100223080778128
mild,2065,125,AB3,MAE,1.0455050748487977
mild,2065,125,AB3,DA,0.4819277108433735
mild,2065,125,AB4,RMSE,1.3286215947640998
mild,2065,125,AB4,MAE,1.0584298460448216
mild,2065,125,AB4,DA,0.4939759036144578
mild,2065,125,AB5,RMSE,1.2631863985835607
mild,2065,125,AB5,MAE,1.0061129313546893
mild,2065,125,AB5,DA,0.5060240963855421
mild,2066,125,MPTE,RMSE,1.4810422687602585
mild,2066,125,MPTE,MAE,1.2032925506700454
mild,2066,125,MPTE,DA,0.46987951807228917
mild,2066,125,AR,RMSE,1.5135371120334367
mild,2066,125,AR,MAE,1.2401966571994705
mild,2066,125,AR,DA,0.02710843373493976
mild,2066,125,MIDAS,RMSE,1.4786581549598259
mild,2066,125,MIDAS,MAE,1.1782983273545327
mild,2066,125,MIDAS,DA,0.5120481927710844
mild,2066,125,AB1,RMSE,1.5363886737808115
mild,2066,125,AB1,MAE,1.227219963692922
mild,2066,125,AB1,DA,0.463855421686747
mild,2066,125,AB2,RMSE,1.486069989597178
mild,2066,125,AB2,MAE,1.1982873620814718
mild,2066,125,AB2,DA,0.46686746987951805
mild,2066,125,AB3,RMSE,1.4916342507025189
mild,2066,125,AB3,MAE,1.216464825281121
mild,2066,125,AB3,DA,0.4819277108433735
mild,2066,125,AB4,RMSE,1.5382101478990002
mild,2066,125,AB4,MAE,1.2703957384390023
mild,2066,125,AB4,DA,0.4608433734939759
mild,2066,125,AB5,RMSE,1.4685647482993374
mild,2066,125,AB5,MAE,1.2097374055379557
mild,2066,125,AB5,DA,0.45180722891566266
mild,2067,125,MPTE,RMSE,1.4660083718601216
mild,2067,125,MPTE,MAE,1.1833160529144682
mild,2067,125,MPTE,DA,0.6716867469879518
mild,2067,125,AR,RMSE,1.5769367940906196
mild,2067,125,AR,MAE,1.261283836451861
mild,2067,125,AR,DA,0.05421686746987952
mild,2067,125,MIDAS,RMSE,1.622507821351781
mild,2067,125,MIDAS,MAE,1.3128872205852562
mild,2067,125,MIDAS,DA,0.5843373493975904
mild,2067,125,AB1,RMSE,1.4311888349552622
mild,2067,125,AB1,MAE,1.1546383438141936
mild,2067,125,AB1,DA,0.7048192771084337
mild,2067,125,AB2,RMSE,1.4494199834755748
mild,2067,125,AB2,MAE,1.1723310827609281
mild,2067,125,AB2,DA,0.6626506024096386
mild,2067,125,AB3,RMSE,1.4876020883142669
mild,2067,125,AB3,MAE,1.1897092215797336
mild,2067,125,AB3,DA,0.6295180722891566
mild,2067,125,AB4,RMSE,1.5735311795723677
mild,2067,125,AB4,MAE,1.259315609995364
mild,2067,125,AB4,DA,0.46987951807228917
mild,2067,125,AB5,RMSE,1.4151033780919327
mild,2067,125,AB5,MAE,1.1321445330481292
mild,2067,125,AB5,DA,0.7108433734939759
mild,2068,125,MPTE,RMSE,1.152790274542705
mild,2068,125,MPTE,MAE,0.9341842310588561
mild,2068,125,MPTE,DA,0.6506024096385542
mild,2068,125,AR,RMSE,1.2358047255520876
mild,2068,125,AR,MAE,0.9902357330371743
mild,2068,125,AR,DA,0.06927710843373494
mild,2068,125,MIDAS,RMSE,1.2245745228075853
mild,2068,125,MIDAS,MAE,0.9853780785663373
mild,2068,125,MIDAS,DA,0.536144578313253
mild,2068,125,AB1,RMSE,1.1923685724140631
mild,2068,125,AB1,MAE,0.9502122770841404
mild,2068,125,AB1,DA,0.6355421686746988
mild,2068,125,AB2,RMSE,1.1985210923123095
mild,2068,125,AB2,MAE,0.9721321036105324
mild,2068,125,AB2,DA,0.6716867469879518
mild,2068,125,AB3,RMSE,1.1765141398925982
mild,2068,125,AB3,MAE,0.9490919482408519
mild,2068,125,AB3,DA,0.641566265060241
mild,2068,125,AB4,RMSE,1.2460580350359833
mild,2068,125,AB4,MAE,0.9966851082410307
mild,2068,125,AB4,DA,0.49096385542168675
mild,2068,125,AB5,RMSE,1.2184787401749295
mild,2068,125,AB5,MAE,0.9706427653943336
mild,2068,125,AB5,DA,0.5933734939759037
mild,2069,125,MPTE,RMSE,1.0873852124527894
mild,2069,125,MPTE,MAE,0.8335505578755656
mild,2069,125,MPTE,DA,0.6385542168674698
mild,2069,125,AR,RMSE,1.293843938238493
mild,2069,125,AR,MAE,1.0310876052788438
mild,2069,125,AR,DA,0.0
mild,2069,125,MIDAS,RMSE,1.2384984384266233
mild,2069,125,MIDAS,MAE,0.9610156869594454
mild,2069,125,MIDAS,DA,0.5632530120481928
mild,2069,125,AB1,RMSE,1.1696727714917345
mild,2069,125,AB1,MAE,0.9008733424381118
mild,2069,125,AB1,DA,0.6927710843373494
mild,2069,125,AB2,RMSE,1.1064170660672215
mild,2069,125,AB2,MAE,0.8608592059945311
mild,2069,125,AB2,DA,0.6746987951807228
mild,2069,125,AB3,RMSE,1.0878570132956318
mild,2069,125,AB3,MAE,0.8399234218154189
mild,2069,125,AB3,DA,0.6686746987951807
mild,2069,125,AB4,RMSE,1.2964373045854622
mild,2069,125,AB4,MAE,1.0342504734597513
mild,2069,125,AB4,DA,0.536144578313253
mild,2069,125,AB5,RMSE,1.1327280485283373
mild,2069,125,AB5,MAE,0.8867485068908227
mild,2069,125,AB5,DA,0.6536144578313253
mild,2070,125,MPTE,RMSE,1.1973764946275458
mild,2070,125,MPTE,MAE,0.9379951073242822
mild,2070,125,MPTE,DA,0.4397590361445783
mild,2070,125,AR,RMSE,1.2729747510515363
mild,2070,125,AR,MAE,1.006726243046427
mild,2070,125,AR,DA,0.0391566265060241
mild,2070,125,MIDAS,RMSE,1.3062254295627267
mild,2070,125,MIDAS,MAE,1.0260761103405778
mild,2070,125,MIDAS,DA,0.5512048192771084
mild,2070,125,AB1,RMSE,1.1584762290273425
mild,2070,125,AB1,MAE,0.9288471538722489
mild,2070,125,AB1,DA,0.4427710843373494
mild,2070,125,AB2,RMSE,1.2771704047554762
mild,2070,125,AB2,MAE,1.0101817480930488
mild,2070,125,AB2,DA,0.45180722891566266
mild,2070,125,AB3,RMSE,1.2620510965097298
mild,2070,125,AB3,MAE,0.9916146573493341
mild,2070,125,AB3,DA,0.49096385542168675
mild,2070,125,AB4,RMSE,1.2672929931926784
mild,2070,125,AB4,MAE,1.0068858742752025
mild,2070,125,AB4,DA,0.4427710843373494
mild,2070,125,AB5,RMSE,1.1727748565694824
mild,2070,125,AB5,MAE,0.9332678962544936
mild,2070,125,AB5,DA,0.4759036144578313
mild,2071,125,MPTE,RMSE,1.108637615931834
mild,2071,125,MPTE,MAE,0.8897687841186183
mild,2071,125,MPTE,DA,0.6295180722891566
mild,2071,125,AR,RMSE,1.2014927421799104
mild,2071,125,AR,MAE,0.9641491774332932
mild,2071,125,AR,DA,0.03614457831325301
mild,2071,125,MIDAS,RMSE,1.1758983359804842
mild,2071,125,MIDAS,MAE,0.9454083506201769
mild,2071,125,MIDAS,DA,0.6054216867469879
mild,2071,125,AB1,RMSE,1.1085073123223057
mild,2071,125,AB1,MAE,0.8906210800401104
mild,2071,125,AB1,DA,0.641566265060241
mild,2071,125,AB2,RMSE,1.093510209067983
mild,2071,125,AB2,MAE,0.8757412241414163
mild,2071,125,AB2,DA,0.6445783132530121
mild,2071,125,AB3,RMSE,1.0891194826751156
mild,2071,125,AB3,MAE,0.8681440048958448
mild,2071,125,AB3,DA,0.6626506024096386
mild,2071,125,AB4,RMSE,1.181978990008281
mild,2071,125,AB4,MAE,0.9455667276364701
mild,2071,125,AB4,DA,0.6204819277108434
mild,2071,125,AB5,RMSE,1.1094153693102768
mild,2071,125,AB5,MAE,0.878489770167114
mild,2071,125,AB5,DA,0.6475903614457831
mild,2072,125,MPTE,RMSE,1.1682504965705813
mild,2072,125,MPTE,MAE,0.9205408457806404
mild,2072,125,MPTE,DA,0.641566265060241
mild,2072,125,AR,RMSE,1.2661681736420047
mild,2072,125,AR,MAE,1.0066359824881637
mild,2072,125,AR,DA,0.02108433734939759
mild,2072,125,MIDAS,RMSE,1.2148906580447465
mild,2072,125,MIDAS,MAE,0.959601116423949
mild,2072,125,MIDAS,DA,0.572289156626506
mild,2072,125,AB1,RMSE,1.2272566933742568
mild,2072,125,AB1,MAE,0.9720338606055237
mild,2072,125,AB1,DA,0.5993975903614458
mild,2072,125,AB2,RMSE,1.2686742391968064
mild,2072,125,AB2,MAE,1.0144559954617056
mild,2072,125,AB2,DA,0.5572289156626506
mild,2072,125,AB3,RMSE,1.2139787125174542
mild,2072,125,AB3,MAE,0.9698928102741422
mild,2072,125,AB3,DA,0.6656626506024096
mild,2072,125,AB4,RMSE,1.2648021686267221
mild,2072,125,AB4,MAE,1.0078804827234644
mild,2072,125,AB4,DA,0.5060240963855421
mild,2072,125,AB5,RMSE,1.2116115255414233
mild,2072,125,AB5,MAE,0.9558508176313625
mild,2072,125,AB5,DA,0.6445783132530121
mild,2073,125,MPTE,RMSE,1.177428343112579
mild,2073,125,MPTE,MAE,0.9309507004656972
mild,2073,125,MPTE,DA,0.6807228915662651
mild,2073,125,AR,RMSE,1.2457282812790949
mild,2073,125,AR,MAE,0.9850803862274434
mild,2073,125,AR,DA,0.02710843373493976
mild,2073,125,MIDAS,RMSE,1.2671563352056154
mild,2073,125,MIDAS,MAE,0.9754803070063445
mild,2073,125,MIDAS,DA,0.5542168674698795
mild,2073,125,AB1,RMSE,1.1740166276327548
mild,2073,125,AB1,MAE,0.9033806922130074
mild,2073,125,AB1,DA,0.6566265060240963
mild,2073,125,AB2,RMSE,1.2474163808830867
mild,2073,125,AB2,MAE,0.9878806030291901
mild,2073,125,AB2,DA,0.5451807228915663
mild,2073,125,AB3,RMSE,1.1945504695372982
mild,2073,125,AB3,MAE,0.9285559438475253
mild,2073,125,AB3,DA,0.6626506024096386
mild,2073,125,AB4,RMSE,1.232649958848809
mild,2073,125,AB4,MAE,0.9848517699281407
mild,2073,125,AB4,DA,0.6174698795180723
mild,2073,125,AB5,RMSE,1.146694440166242
mild,2073,125,AB5,MAE,0.8907731864267239
mild,2073,125,AB5,DA,0.7018072289156626
mild,2074,125,MPTE,RMSE,1.238078999857483
mild,2074,125,MPTE,MAE,0.9935452768344867
mild,2074,125,MPTE,DA,0.6506024096385542
mild,2074,125,AR,RMSE,1.3283249483708188
mild,2074,125,AR,MAE,1.0601781135536916
mild,2074,125,AR,DA,0.024096385542168676
mild,2074,125,MIDAS,RMSE,1.2708439303242496
mild,2074,125,MIDAS,MAE,1.0343099134370592
mild,2074,125,MIDAS,DA,0.6295180722891566
mild,2074,125,AB1,RMSE,1.2450956000767366
mild,2074,125,AB1,MAE,1.0157600524939143
mild,2074,125,AB1,DA,0.6325301204819277
mild,2074,125,AB2,RMSE,1.3329304468526324
mild,2074,125,AB2,MAE,1.0650230483966294
mild,2074,125,AB2,DA,0.5301204819277109
mild,2074,125,AB3,RMSE,1.2705402418135165
mild,2074,125,AB3,MAE,1.0251798165463648
mild,2074,125,AB3,DA,0.6506024096385542
mild,2074,125,AB4,RMSE,1.326933182450827
mild,2074,125,AB4,MAE,1.061890222777925
mild,2074,125,AB4,DA,0.5150602409638554
mild,2074,125,AB5,RMSE,1.2922562308687457
mild,2074,125,AB5,MAE,1.0505598962551743
mild,2074,125,AB5,DA,0.6054216867469879
mild,2075,125,MPTE,RMSE,1.0420938253790657
mild,2075,125,MPTE,MAE,0.8395282702000582
mild,2075,125,MPTE,DA,0.6234939759036144
mild,2075,125,AR,RMSE,1.1375357125051737
mild,2075,125,AR,MAE,0.9129964934952942
mild,2075,125,AR,DA,0.0572289156626506
mild,2075,125,MIDAS,RMSE,1.133816737228753
mild,2075,125,MIDAS,MAE,0.9044962766471848
mild,2075,125,MIDAS,DA,0.5692771084337349
mild,2075,125,AB1,RMSE,1.0886612382185386
mild,2075,125,AB1,MAE,0.8654587371346032
mild,2075,125,AB1,DA,0.5843373493975904
mild,2075,125,AB2,RMSE,1.0728107455372933
mild,2075,125,AB2,MAE,0.8657456668146606
mild,2075,125,AB2,DA,0.6144578313253012
mild,2075,125,AB3,RMSE,1.123296353209467
mild,2075,125,AB3,MAE,0.9103628767814599
mild,2075,125,AB3,DA,0.5873493975903614
mild,2075,125,AB4,RMSE,1.1379138967425273
mild,2075,125,AB4,MAE,0.9181386907555191
mild,2075,125,AB4,DA,0.5602409638554217
mild,2075,125,AB5,RMSE,1.074897721015559
mild,2075,125,AB5,MAE,0.8618803678168041
mild,2075,125,AB5,DA,0.5993975903614458
mild,2076,125,MPTE,RMSE,1.0910722665286416
mild,2076,125,MPTE,MAE,0.85285514673322
mild,2076,125,MPTE,DA,0.6234939759036144
mild,2076,125,AR,RMSE,1.191654671888647
mild,2076,125,AR,MAE,0.950737838642931
mild,2076,125,AR,DA,0.03313253012048193
mild,2076,125,MIDAS,RMSE,1.1854865531886876
mild,2076,125,MIDAS,MAE,0.960985076817331
mild,2076,125,MIDAS,DA,0.6204819277108434
mild,2076,125,AB1,RMSE,1.0834470847999609
mild,2076,125,AB1,MAE,0.8464799328207255
mild,2076,125,AB1,DA,0.6385542168674698
mild,2076,125,AB2,RMSE,1.0872421360502418
mild,2076,125,AB2,MAE,0.8598109255349177
mild,2076,125,AB2,DA,0.6656626506024096
mild,2076,125,AB3,RMSE,1.105497014070641
mild,2076,125,AB3,MAE,0.8777692487303711
mild,2076,125,AB3,DA,0.6114457831325302
mild,2076,125,AB4,RMSE,1.176313459997773
mild,2076,125,AB4,MAE,0.9248077477020047
mild,2076,125,AB4,DA,0.5873493975903614
mild,2076,125,AB5,RMSE,1.094217995977023
mild,2076,125,AB5,MAE,0.8649118928675702
mild,2076,125,AB5,DA,0.6506024096385542
mild,2077,125,MPTE,RMSE,1.3941928662501486
mild,2077,125,MPTE,MAE,1.1437768392431882
mild,2077,125,MPTE,DA,0.7740963855421686
mild,2077,125,AR,RMSE,1.6176130413277605
mild,2077,125,AR,MAE,1.3091567735303853
mild,2077,125,AR,DA,0.5813253012048193
mild,2077,125,MIDAS,RMSE,1.4730830198139764
mild,2077,125,MIDAS,MAE,1.1485389172854614
mild,2077,125,MIDAS,DA,0.6987951807228916
mild,2077,125,AB1,RMSE,1.3392062166391103
mild,2077,125,AB1,MAE,1.078260661555714
mild,2077,125,AB1,DA,0.786144578313253
mild,2077,125,AB2,RMSE,1.3331700774012236
mild,2077,125,AB2,MAE,1.0856000861225394
mild,2077,125,AB2,DA,0.7650602409638554
mild,2077,125,AB3,RMSE,1.403808198912169
mild,2077,125,AB3,MAE,1.1467930470602796
mild,2077,125,AB3,DA,0.7650602409638554
mild,2077,125,AB4,RMSE,1.5190596243977073
mild,2077,125,AB4,MAE,1.2281260802397067
mild,2077,125,AB4,DA,0.7168674698795181
mild,2077,125,AB5,RMSE,1.3847313580112484
mild,2077,125,AB5,MAE,1.1039848733712192
mild,2077,125,AB5,DA,0.7439759036144579
mild,2078,125,MPTE,RMSE,1.0569631321351238
mild,2078,125,MPTE,MAE,0.8455987470205374
mild,2078,125,MPTE,DA,0.6114457831325302
mild,2078,125,AR,RMSE,1.083512440145456
mild,2078,125,AR,MAE,0.8747328333782628
mild,2078,125,AR,DA,0.024096385542168676
mild,2078,125,MIDAS,RMSE,1.1411705913670873
mild,2078,125,MIDAS,MAE,0.9114181823268148
mild,2078,125,MIDAS,DA,0.463855421686747
mild,2078,125,AB1,RMSE,1.0700069418544103
mild,2078,125,AB1,MAE,0.8576729368749132
mild,2078,125,AB1,DA,0.536144578313253
mild,2078,125,AB2,RMSE,1.1029051128696854
mild,2078,125,AB2,MAE,0.8867081481510347
mild,2078,125,AB2,DA,0.4819277108433735
mild,2078,125,AB3,RMSE,1.0564995801374735
mild,2078,125,AB3,MAE,0.8527657203671024
mild,2078,125,AB3,DA,0.6054216867469879
mild,2078,125,AB4,RMSE,1.0619815029498438
mild,2078,125,AB4,MAE,0.8537066308290666
mild,2078,125,AB4,DA,0.5632530120481928
mild,2078,125,AB5,RMSE,1.0429857677401724
mild,2078,125,AB5,MAE,0.8292960125375678
mild,2078,125,AB5,DA,0.572289156626506
mild,2079,125,MPTE,RMSE,1.1747887799534544
mild,2079,125,MPTE,MAE,0.9483559545532076
mild,2079,125,MPTE,DA,0.6566265060240963
mild,2079,125,AR,RMSE,1.282416601434
mild,2079,125,AR,MAE,1.0217027748863678
mild,2079,125,AR,DA,0.44879518072289154
mild,2079,125,MIDAS,RMSE,1.3293413828409422
mild,2079,125,MIDAS,MAE,1.056957190537103
mild,2079,125,MIDAS,DA,0.5391566265060241
mild,2079,125,AB1,RMSE,1.1843393873932064
mild,2079,125,AB1,MAE,0.9577357643393087
mild,2079,125,AB1,DA,0.6234939759036144
mild,2079,125,AB2,RMSE,1.2806937258607387
mild,2079,125,AB2,MAE,1.0200515101396521
mild,2079,125,AB2,DA,0.5030120481927711
mild,2079,125,AB3,RMSE,1.2524854216683967
mild,2079,125,AB3,MAE,1.0322802493641898
mild,2079,125,AB3,DA,0.4939759036144578
mild,2079,125,AB4,RMSE,1.2781973288190815
mild,2079,125,AB4,MAE,1.0181482913461286
mild,2079,125,AB4,DA,0.6204819277108434
mild,2079,125,AB5,RMSE,1.1832921117107542
mild,2079,125,AB5,MAE,0.9571447218030015
mild,2079,125,AB5,DA,0.6204819277108434
mild,2080,125,MPTE,RMSE,1.3429592069237173
mild,2080,125,MPTE,MAE,1.063500058668704
mild,2080,125,MPTE,DA,0.5692771084337349
mild,2080,125,AR,RMSE,1.6288229981121911
mild,2080,125,AR,MAE,1.3092042784419624
mild,2080,125,AR,DA,0.06325301204819277
mild,2080,125,MIDAS,RMSE,1.4225518059288063
mild,2080,125,MIDAS,MAE,1.1436992085902662
mild,2080,125,MIDAS,DA,0.5451807228915663
mild,2080,125,AB1,RMSE,1.3804840743107043
mild,2080,125,AB1,MAE,1.121799043424574
mild,2080,125,AB1,DA,0.4578313253012048
mild,2080,125,AB2,RMSE,1.6030223868373221
mild,2080,125,AB2,MAE,1.2917145315221612
mild,2080,125,AB2,DA,0.4789156626506024
mild,2080,125,AB3,RMSE,1.3398923279612966
mild,2080,125,AB3,MAE,1.0890058309468802
mild,2080,125,AB3,DA,0.49096385542168675
mild,2080,125,AB4,RMSE,1.4569948210206836
mild,2080,125,AB4,MAE,1.1644184903419352
mild,2080,125,AB4,DA,0.4578313253012048
mild,2080,125,AB5,RMSE,1.3809925570159722
mild,2080,125,AB5,MAE,1.125771667545233
mild,2080,125,AB5,DA,0.4397590361445783
mild,2081,125,MPTE,RMSE,1.2125711674383193
mild,2081,125,MPTE,MAE,0.9908956819130862
mild,2081,125,MPTE,DA,0.5271084337349398
mild,2081,125,AR,RMSE,1.2339418569265415
mild,2081,125,AR,MAE,1.0005685242675135
mild,2081,125,AR,DA,0.02710843373493976
mild,2081,125,MIDAS,RMSE,1.2865328788818167
mild,2081,125,MIDAS,MAE,1.0406092459312548
mild,2081,125,MIDAS,DA,0.5602409638554217
mild,2081,125,AB1,RMSE,1.1980970201512173
mild,2081,125,AB1,MAE,0.9731629716355528
mild,2081,125,AB1,DA,0.4427710843373494
mild,2081,125,AB2,RMSE,1.213241580137216
mild,2081,125,AB2,MAE,1.0060401959284289
mild,2081,125,AB2,DA,0.4427710843373494
mild,2081,125,AB3,RMSE,1.201820933493746
mild,2081,125,AB3,MAE,0.987188989167945
mild,2081,125,AB3,DA,0.49698795180722893
mild,2081,125,AB5,RMSE,1.2080085562096992
mild,2081,125,AB5,MAE,0.9881615263067182
mild,2081,125,AB5,DA,0.4036144578313253
mild,2082,125,MPTE,RMSE,1.1758694939414833
mild,2082,125,MPTE,MAE,0.9506918664048823
mild,2082,125,MPTE,DA,0.4578313253012048
mild,2082,125,AR,RMSE,1.2756271031068251
mild,2082,125,AR,MAE,1.018232344341988
mild,2082,125,AR,DA,0.030120481927710843
mild,2082,125,MIDAS,RMSE,1.299744728263174
mild,2082,125,MIDAS,MAE,1.0344965880863803
mild,2082,125,MIDAS,DA,0.536144578313253
mild,2082,125,AB1,RMSE,1.2025077874973071
mild,2082,125,AB1,MAE,0.9549133041994661
mild,2082,125,AB1,DA,0.5150602409638554
mild,2082,125,AB2,RMSE,1.1702262904351475
mild,2082,125,AB2,MAE,0.9389236370736552
mild,2082,125,AB2,DA,0.5
mild,2082,125,AB3,RMSE,1.197979367634124
mild,2082,125,AB3,MAE,0.9579798764107741
mild,2082,125,AB3,DA,0.4608433734939759
mild,2082,125,AB4,RMSE,1.24251179489688
mild,2082,125,AB4,MAE,0.9885671623543287
mild,2082,125,AB4,DA,0.4939759036144578
mild,2082,125,AB5,RMSE,1.172326035460999
mild,2082,125,AB5,MAE,0.9379154493158134
mild,2082,125,AB5,DA,0.47289156626506024
mild,2083,125,MPTE,RMSE,1.326411569118841
mild,2083,125,MPTE,MAE,1.04562854977274
mild,2083,125,MPTE,DA,0.713855421686747
mild,2083,125,AR,RMSE,1.5348967393548891
mild,2083,125,AR,MAE,1.2391091464575066
mild,2083,125,AR,DA,0.02710843373493976
mild,2083,125,MIDAS,RMSE,1.4839725682312221
mild,2083,125,MIDAS,MAE,1.2045580363947
mild,2083,125,MIDAS,DA,0.6265060240963856
mild,2083,125,AB1,RMSE,1.4015322609550698
mild,2083,125,AB1,MAE,1.1280695807951593
mild,2083,125,AB1,DA,0.6295180722891566
mild,2083,125,AB2,RMSE,1.5510750640787891
mild,2083,125,AB2,MAE,1.2492054667943358
mild,2083,125,AB2,DA,0.5421686746987951
mild,2083,125,AB3,RMSE,1.3750776609133242
mild,2083,125,AB3,MAE,1.101798432086953
mild,2083,125,AB3,DA,0.7078313253012049
mild,2083,125,AB4,RMSE,1.5284213157537772
mild,2083,125,AB4,MAE,1.242754240470383
mild,2083,125,AB4,DA,0.572289156626506
mild,2083,125,AB5,RMSE,1.396637338373866
mild,2083,125,AB5,MAE,1.1469969662493569
mild,2083,125,AB5,DA,0.6475903614457831
mild,2084,125,MPTE,RMSE,1.080756490345729
mild,2084,125,MPTE,MAE,0.8639742604826137
mild,2084,125,MPTE,DA,0.7439759036144579
mild,2084,125,AR,RMSE,1.225198735451017
mild,2084,125,AR,MAE,0.9777453635709296
mild,2084,125,AR,DA,0.05421686746987952
mild,2084,125,MIDAS,RMSE,1.1744817794515343
mild,2084,125,MIDAS,MAE,0.9299605196305026
mild,2084,125,MIDAS,DA,0.6295180722891566
mild,2084,125,AB1,RMSE,1.0992893503305596
mild,2084,125,AB1,MAE,0.8819948343724185
mild,2084,125,AB1,DA,0.7048192771084337
mild,2084,125,AB2,RMSE,1.2248505995651646
mild,2084,125,AB2,MAE,0.9775191291354478
mild,2084,125,AB2,DA,0.5120481927710844
mild,2084,125,AB3,RMSE,1.1599823852829407
mild,2084,125,AB3,MAE,0.947153636969697
mild,2084,125,AB3,DA,0.6596385542168675
mild,2084,125,AB4,RMSE,1.2271266450304128
mild,2084,125,AB4,MAE,0.9788637267986335
mild,2084,125,AB4,DA,0.4789156626506024
mild,2084,125,AB5,RMSE,1.0590112649103218
mild,2084,125,AB5,MAE,0.8474678689803106
mild,2084,125,AB5,DA,0.713855421686747
mild,2085,125,MPTE,RMSE,1.2739043908326853
mild,2085,125,MPTE,MAE,1.0306562164655437
mild,2085,125,MPTE,DA,0.5903614457831325
mild,2085,125,AR,RMSE,1.56492832920596
mild,2085,125,AR,MAE,1.2585650884257242
mild,2085,125,AR,DA,0.045180722891566265
mild,2085,125,MIDAS,RMSE,1.3598543075124152
mild,2085,125,MIDAS,MAE,1.0952066662696374
mild,2085,125,MIDAS,DA,0.5933734939759037
mild,2085,125,AB1,RMSE,1.2909714925926887
mild,2085,125,AB1,MAE,1.0534978701432245
mild,2085,125,AB1,DA,0.5692771084337349
mild,2085,125,AB2,RMSE,1.568059109615117
mild,2085,125,AB2,MAE,1.2636886028013337
mild,2085,125,AB2,DA,0.5271084337349398
mild,2085,125,AB3,RMSE,1.3266359323568593
mild,2085,125,AB3,MAE,1.0759351786712066
mild,2085,125,AB3,DA,0.5783132530120482
mild,2085,125,AB4,RMSE,1.5179910294534489
mild,2085,125,AB4,MAE,1.2409186018313672
mild,2085,125,AB4,DA,0.49698795180722893
mild,2085,125,AB5,RMSE,1.3264394091239424
mild,2085,125,AB5,MAE,1.0595008783942779
mild,2085,125,AB5,DA,0.5512048192771084
mild,2086,125,MPTE,RMSE,1.1839189690125373
mild,2086,125,MPTE,MAE,0.9678008167437611
mild,2086,125,MPTE,DA,0.6957831325301205
mild,2086,125,AR,RMSE,1.2875193834184422
mild,2086,125,AR,MAE,1.047757437635406
mild,2086,125,AR,DA,0.0391566265060241
mild,2086,125,MIDAS,RMSE,1.2930738158834263
mild,2086,125,MIDAS,MAE,1.0502706113672022
mild,2086,125,MIDAS,DA,0.5632530120481928
mild,2086,125,AB1,RMSE,1.199357410048312
mild,2086,125,AB1,MAE,0.9762557523426368
mild,2086,125,AB1,DA,0.6927710843373494
mild,2086,125,AB2,RMSE,1.187841411882796
mild,2086,125,AB2,MAE,0.9707455089969504
mild,2086,125,AB2,DA,0.6867469879518072
mild,2086,125,AB3,RMSE,1.2097546549267948
mild,2086,125,AB3,MAE,0.9910005001079558
mild,2086,125,AB3,DA,0.6716867469879518
mild,2086,125,AB4,RMSE,1.3066455440483835
mild,2086,125,AB4,MAE,1.0726102815752119
mild,2086,125,AB4,DA,0.6114457831325302
mild,2086,125,AB5,RMSE,1.1991331986485294
mild,2086,125,AB5,MAE,0.9828349397017282
mild,2086,125,AB5,DA,0.6686746987951807
mild,2087,125,MPTE,RMSE,1.0402250342495079
mild,2087,125,MPTE,MAE,0.8498879443573644
mild,2087,125,MPTE,DA,0.7048192771084337
mild,2087,125,AR,RMSE,1.3247117306720622
mild,2087,125,AR,MAE,1.0517600840117105
mild,2087,125,AR,DA,0.10240963855421686
mild,2087,125,MIDAS,RMSE,1.408143914330003
mild,2087,125,MIDAS,MAE,1.1287933432723678
mild,2087,125,MIDAS,DA,0.4879518072289157
mild,2087,125,AB1,RMSE,1.043375385471278
mild,2087,125,AB1,MAE,0.8394167261279816
mild,2087,125,AB1,DA,0.6716867469879518
mild,2087,125,AB2,RMSE,1.0314634632453272
mild,2087,125,AB2,MAE,0.8324558853830691
mild,2087,125,AB2,DA,0.6837349397590361
mild,2087,125,AB3,RMSE,1.1148945560981853
mild,2087,125,AB3,MAE,0.908951965767816
mild,2087,125,AB3,DA,0.6807228915662651
mild,2087,125,AB4,RMSE,1.3155491450809278
mild,2087,125,AB4,MAE,1.0410281932910492
mild,2087,125,AB4,DA,0.6325301204819277
mild,2087,125,AB5,RMSE,1.0500819628312799
mild,2087,125,AB5,MAE,0.8421467130432175
mild,2087,125,AB5,DA,0.6807228915662651
mild,2088,125,MPTE,RMSE,1.2247389098585648
mild,2088,125,MPTE,MAE,0.967449808302531
mild,2088,125,MPTE,DA,0.6355421686746988
mild,2088,125,AR,RMSE,1.2843568129463439
mild,2088,125,AR,MAE,1.0116577170439622
mild,2088,125,AR,DA,0.03313253012048193
mild,2088,125,MIDAS,RMSE,1.3329003342095533
mild,2088,125,MIDAS,MAE,1.060285734360008
mild,2088,125,MIDAS,DA,0.5331325301204819
mild,2088,125,AB1,RMSE,1.2053151103983168
mild,2088,125,AB1,MAE,0.950629259294345
mild,2088,125,AB1,DA,0.5090361445783133
mild,2088,125,AB2,RMSE,1.2837289079116339
mild,2088,125,AB2,MAE,1.0096129443216566
mild,2088,125,AB2,DA,0.5512048192771084
mild,2088,125,AB3,RMSE,1.2157597025697857
mild,2088,125,AB3,MAE,0.9526852592710414
mild,2088,125,AB3,DA,0.49096385542168675
mild,2088,125,AB4,RMSE,1.2831198219205737
mild,2088,125,AB4,MAE,1.0125469916534608
mild,2088,125,AB4,DA,0.5180722891566265
mild,2088,125,AB5,RMSE,1.1592573828950468
mild,2088,125,AB5,MAE,0.9156504152903931
mild,2088,125,AB5,DA,0.5451807228915663
mild,2089,125,MPTE,RMSE,1.1948188051758895
mild,2089,125,MPTE,MAE,0.9565296420872321
mild,2089,125,MPTE,DA,0.6716867469879518
mild,2089,125,AR,RMSE,1.4155364450870311
mild,2089,125,AR,MAE,1.1138230666521123
mild,2089,125,AR,DA,0.14156626506024098
mild,2089,125,MIDAS,RMSE,1.3069282686301769
mild,2089,125,MIDAS,MAE,1.0464628951077373
mild,2089,125,MIDAS,DA,0.5
mild,2089,125,AB1,RMSE,1.2012383513572271
mild,2089,125,AB1,MAE,0.9429803837275732
mild,2089,125,AB1,DA,0.677710843373494
mild,2089,125,AB2,RMSE,1.1513405928703166
mild,2089,125,AB2,MAE,0.9274189318295613
mild,2089,125,AB2,DA,0.6385542168674698
mild,2089,125,AB3,RMSE,1.164970308783568
mild,2089,125,AB3,MAE,0.9163758100549186
mild,2089,125,AB3,DA,0.641566265060241
mild,2089,125,AB4,RMSE,1.3118230998412586
mild,2089,125,AB4,MAE,1.0225128887112773
mild,2089,125,AB4,DA,0.5030120481927711
mild,2089,125,AB5,RMSE,1.2602865556113931
mild,2089,125,AB5,MAE,1.003873655438555
mild,2089,125,AB5,DA,0.608433734939759
mild,2090,125,MPTE,RMSE,1.1081922262326307
mild,2090,125,MPTE,MAE,0.8772685019423281
mild,2090,125,MPTE,DA,0.6204819277108434
mild,2090,125,AR,RMSE,1.3561845788554656
mild,2090,125,AR,MAE,1.0909143790781313
mild,2090,125,AR,DA,0.1566265060240964
mild,2090,125,MIDAS,RMSE,1.2604913447729078
mild,2090,125,MIDAS,MAE,0.9919842542877002
mild,2090,125,MIDAS,DA,0.6295180722891566
mild,2090,125,AB1,RMSE,1.1407729107764482
mild,2090,125,AB1,MAE,0.8804578330790988
mild,2090,125,AB1,DA,0.6475903614457831
mild,2090,125,AB2,RMSE,1.0896710918432748
mild,2090,125,AB2,MAE,0.8581577522083331
mild,2090,125,AB2,DA,0.6445783132530121
mild,2090,125,AB3,RMSE,1.1207218210016752
mild,2090,125,AB3,MAE,0.8698505252015125
mild,2090,125,AB3,DA,0.6234939759036144
mild,2090,125,AB4,RMSE,1.2212453206435547
mild,2090,125,AB4,MAE,0.9690214108833282
mild,2090,125,AB4,DA,0.5993975903614458
mild,2090,125,AB5,RMSE,1.0804784999853523
mild,2090,125,AB5,MAE,0.8454853964175296
mild,2090,125,AB5,DA,0.6536144578313253
mild,2091,125,MPTE,RMSE,1.3765133646921426
mild,2091,125,MPTE,MAE,1.1019280788124735
mild,2091,125,MPTE,DA,0.536144578313253
mild,2091,125,AR,RMSE,1.5560596363720411
mild,2091,125,AR,MAE,1.2303399409343971
mild,2091,125,AR,DA,0.0572289156626506
mild,2091,125,MIDAS,RMSE,1.4680410254443514
mild,2091,125,MIDAS,MAE,1.146641421796309
mild,2091,125,MIDAS,DA,0.5120481927710844
mild,2091,125,AB1,RMSE,1.4863048923195303
mild,2091,125,AB1,MAE,1.1853026588241757
mild,2091,125,AB1,DA,0.4939759036144578
mild,2091,125,AB2,RMSE,1.3574176439899515
mild,2091,125,AB2,MAE,1.089428735732537
mild,2091,125,AB2,DA,0.5030120481927711
mild,2091,125,AB3,RMSE,1.3562551250265125
mild,2091,125,AB3,MAE,1.0824960570229545
mild,2091,125,AB3,DA,0.5391566265060241
mild,2091,125,AB4,RMSE,1.5166850766381617
mild,2091,125,AB4,MAE,1.2200566222819087
mild,2091,125,AB4,DA,0.4879518072289157
mild,2091,125,AB5,RMSE,1.3830748122757937
mild,2091,125,AB5,MAE,1.1143572738055065
mild,2091,125,AB5,DA,0.4789156626506024
mild,2092,125,MPTE,RMSE,1.3113110786538191
mild,2092,125,MPTE,MAE,1.0447427025939222
mild,2092,125,MPTE,DA,0.5481927710843374
mild,2092,125,AR,RMSE,1.413231477355308
mild,2092,125,AR,MAE,1.1443370821622376
mild,2092,125,AR,DA,0.4759036144578313
mild,2092,125,MIDAS,RMSE,1.3024418349315225
mild,2092,125,MIDAS,MAE,1.0247573599229156
mild,2092,125,MIDAS,DA,0.5421686746987951
mild,2092,125,AB1,RMSE,1.2381140144999903
mild,2092,125,AB1,MAE,0.9688624009282845
mild,2092,125,AB1,DA,0.5512048192771084
mild,2092,125,AB2,RMSE,1.4282011046242318
mild,2092,125,AB2,MAE,1.1516425746999521
mild,2092,125,AB2,DA,0.5120481927710844
mild,2092,125,AB3,RMSE,1.2945955085413403
mild,2092,125,AB3,MAE,1.0327808124096725
mild,2092,125,AB3,DA,0.5240963855421686
mild,2092,125,AB4,RMSE,1.4150322583543373
mild,2092,125,AB4,MAE,1.1432192569492257
mild,2092,125,AB4,DA,0.5271084337349398
mild,2092,125,AB5,RMSE,1.339375729480903
mild,2092,125,AB5,MAE,1.0780924968174095
mild,2092,125,AB5,DA,0.4879518072289157
mild,2093,125,MPTE,RMSE,1.2248169910231999
mild,2093,125,MPTE,MAE,0.9683217218700633
mild,2093,125,MPTE,DA,0.5120481927710844
mild,2093,125,AR,RMSE,1.2301797672401038
mild,2093,125,AR,MAE,0.970552165519777
mild,2093,125,AR,DA,0.0572289156626506
mild,2093,125,MIDAS,RMSE,1.320815617396933
mild,2093,125,MIDAS,MAE,1.0358100388819036
mild,2093,125,MIDAS,DA,0.48493975903614456
mild,2093,125,AB1,RMSE,1.1962131518697054
mild,2093,125,AB1,MAE,0.938269023380805
mild,2093,125,AB1,DA,0.5692771084337349
mild,2093,125,AB2,RMSE,1.2197256041270574
mild,2093,125,AB2,MAE,0.9634730001583232
mild,2093,125,AB2,DA,0.4397590361445783
mild,2093,125,AB3,RMSE,1.2211114613059781
mild,2093,125,AB3,MAE,0.9626652684256022
mild,2093,125,AB3,DA,0.4036144578313253
mild,2093,125,AB4,RMSE,1.2207059170867613
mild,2093,125,AB4,MAE,0.9642043321532415
mild,2093,125,AB4,DA,0.4427710843373494
mild,2093,125,AB5,RMSE,1.2232118588014749
mild,2093,125,AB5,MAE,0.9634132349843172
mild,2093,125,AB5,DA,0.5331325301204819
mild,2094,125,MPTE,RMSE,1.1635820851659402
mild,2094,125,MPTE,MAE,0.913097857459937
mild,2094,125,MPTE,DA,0.6234939759036144
mild,2094,125,AR,RMSE,1.355669044443966
mild,2094,125,AR,MAE,1.0768211767824711
mild,2094,125,AR,DA,0.060240963855421686
mild,2094,125,MIDAS,RMSE,1.3537289538560244
mild,2094,125,MIDAS,MAE,1.0855241309830461
mild,2094,125,MIDAS,DA,0.5451807228915663
mild,2094,125,AB1,RMSE,1.3012344883584006
mild,2094,125,AB1,MAE,1.0401030683657764
mild,2094,125,AB1,DA,0.5933734939759037
mild,2094,125,AB2,RMSE,1.3519276779867464
mild,2094,125,AB2,MAE,1.075799683112605
mild,2094,125,AB2,DA,0.5210843373493976
mild,2094,125,AB3,RMSE,1.1750632530411005
mild,2094,125,AB3,MAE,0.9202030337033589
mild,2094,125,AB3,DA,0.608433734939759
mild,2094,125,AB4,RMSE,1.347384676267737
mild,2094,125,AB4,MAE,1.0657284627473183
mild,2094,125,AB4,DA,0.5331325301204819
mild,2094,125,AB5,RMSE,1.170142797075283
mild,2094,125,AB5,MAE,0.9223684757732895
mild,2094,125,AB5,DA,0.6385542168674698
mild,2095,125,MPTE,RMSE,1.2022480557453052
mild,2095,125,MPTE,MAE,0.9556049339924783
mild,2095,125,MPTE,DA,0.713855421686747
mild,2095,125,AR,RMSE,1.3643256229474543
mild,2095,125,AR,MAE,1.112003113277896
mild,2095,125,AR,DA,0.15963855421686746
mild,2095,125,MIDAS,RMSE,1.3208934871135258
mild,2095,125,MIDAS,MAE,1.0239552531645986
mild,2095,125,MIDAS,DA,0.6957831325301205
mild,2095,125,AB1,RMSE,1.291570833979544
mild,2095,125,AB1,MAE,1.0324710321932649
mild,2095,125,AB1,DA,0.7048192771084337
mild,2095,125,AB2,RMSE,1.2207135831609541
mild,2095,125,AB2,MAE,0.9674443212528311
mild,2095,125,AB2,DA,0.6957831325301205
mild,2095,125,AB3,RMSE,1.3048722468619764
mild,2095,125,AB3,MAE,1.0384047271768317
mild,2095,125,AB3,DA,0.6987951807228916
mild,2095,125,AB4,RMSE,1.296215158551981
mild,2095,125,AB4,MAE,1.0309958172332667
mild,2095,125,AB4,DA,0.6716867469879518
mild,2095,125,AB5,RMSE,1.2103130865755218
mild,2095,125,AB5,MAE,0.9557933684358146
mild,2095,125,AB5,DA,0.713855421686747
mild,2096,125,MPTE,RMSE,1.2380445966966436
mild,2096,125,MPTE,MAE,0.9521011626800588
mild,2096,125,MPTE,DA,0.5662650602409639
mild,2096,125,AR,RMSE,1.3486292257054509
mild,2096,125,AR,MAE,1.0307537932246713
mild,2096,125,AR,DA,0.0391566265060241
mild,2096,125,MIDAS,RMSE,1.3390832846759373
mild,2096,125,MIDAS,MAE,1.0673615389492546
mild,2096,125,MIDAS,DA,0.6265060240963856
mild,2096,125,AB1,RMSE,1.252150500330799
mild,2096,125,AB1,MAE,0.9655118160319782
mild,2096,125,AB1,DA,0.5512048192771084
mild,2096,125,AB2,RMSE,1.3487875990062146
mild,2096,125,AB2,MAE,1.0317912288124156
mild,2096,125,AB2,DA,0.5481927710843374
mild,2096,125,AB3,RMSE,1.251573341227351
mild,2096,125,AB3,MAE,0.9877913141922224
mild,2096,125,AB3,DA,0.5933734939759037
mild,2096,125,AB4,RMSE,1.3338979455731592
mild,2096,125,AB4,MAE,1.0350602915350402
mild,2096,125,AB4,DA,0.5692771084337349
mild,2096,125,AB5,RMSE,1.2429642572028496
mild,2096,125,AB5,MAE,0.975877319159487
mild,2096,125,AB5,DA,0.6024096385542169
mild,2097,125,MPTE,RMSE,1.1821733949853945
mild,2097,125,MPTE,MAE,0.9378993624891829
mild,2097,125,MPTE,DA,0.5060240963855421
mild,2097,125,AR,RMSE,1.1634306886003811
mild,2097,125,AR,MAE,0.9306596850065169
mild,2097,125,AR,DA,0.0
mild,2097,125,MIDAS,RMSE,1.215139251002482
mild,2097,125,MIDAS,MAE,0.9511115844396962
mild,2097,125,MIDAS,DA,0.4789156626506024
mild,2097,125,AB1,RMSE,1.1563445872342404
mild,2097,125,AB1,MAE,0.906977641275362
mild,2097,125,AB1,DA,0.5421686746987951
mild,2097,125,AB2,RMSE,1.165589967328841
mild,2097,125,AB2,MAE,0.9323109212488812
mild,2097,125,AB2,DA,0.48493975903614456
mild,2097,125,AB3,RMSE,1.1791112794703706
mild,2097,125,AB3,MAE,0.937938672171527
mild,2097,125,AB3,DA,0.49698795180722893
mild,2097,125,AB4,RMSE,1.1654117614401949
mild,2097,125,AB4,MAE,0.9321345105148928
mild,2097,125,AB4,DA,0.5060240963855421
mild,2097,125,AB5,RMSE,1.1660271706030785
mild,2097,125,AB5,MAE,0.9113956172043942
mild,2097,125,AB5,DA,0.5572289156626506
mild,2098,125,MPTE,RMSE,1.1154191949871124
mild,2098,125,MPTE,MAE,0.9057560158009079
mild,2098,125,MPTE,DA,0.5662650602409639
mild,2098,125,AR,RMSE,1.231046238421545
mild,2098,125,AR,MAE,0.990241220398473
mild,2098,125,AR,DA,0.02710843373493976
mild,2098,125,MIDAS,RMSE,1.2552524371743774
mild,2098,125,MIDAS,MAE,1.0071440884354348
mild,2098,125,MIDAS,DA,0.5753012048192772
mild,2098,125,AB1,RMSE,1.1506795162508097
mild,2098,125,AB1,MAE,0.943232149994917
mild,2098,125,AB1,DA,0.5391566265060241
mild,2098,125,AB2,RMSE,1.2316508353039137
mild,2098,125,AB2,MAE,0.9903643210932758
mild,2098,125,AB2,DA,0.4939759036144578
mild,2098,125,AB3,RMSE,1.1099717536032532
mild,2098,125,AB3,MAE,0.899798219572496
mild,2098,125,AB3,DA,0.5481927710843374
mild,2098,125,AB4,RMSE,1.2750549710833177
mild,2098,125,AB4,MAE,1.0200508073173795
mild,2098,125,AB4,DA,0.47289156626506024
mild,2098,125,AB5,RMSE,1.1203562854095308
mild,2098,125,AB5,MAE,0.9036265647502914
mild,2098,125,AB5,DA,0.5692771084337349
mild,2099,125,MPTE,RMSE,1.420922641134771
mild,2099,125,MPTE,MAE,1.1357060519700644
mild,2099,125,MPTE,DA,0.6716867469879518
mild,2099,125,AR,RMSE,1.7175037299617737
mild,2099,125,AR,MAE,1.3974921941410923
mild,2099,125,AR,DA,0.0963855421686747
mild,2099,125,MIDAS,RMSE,1.4796742325811858
mild,2099,125,MIDAS,MAE,1.1818251154711228
mild,2099,125,MIDAS,DA,0.5993975903614458
mild,2099,125,AB1,RMSE,1.4211307166758838
mild,2099,125,AB1,MAE,1.1516839708184698
mild,2099,125,AB1,DA,0.6566265060240963
mild,2099,125,AB2,RMSE,1.4887246657744582
mild,2099,125,AB2,MAE,1.1838131284467328
mild,2099,125,AB2,DA,0.6686746987951807
mild,2099,125,AB3,RMSE,1.3757299242204089
mild,2099,125,AB3,MAE,1.1092324057084424
mild,2099,125,AB3,DA,0.6807228915662651
mild,2099,125,AB4,RMSE,1.6732063146499438
mild,2099,125,AB4,MAE,1.3755025033005501
mild,2099,125,AB4,DA,0.5753012048192772
mild,2099,125,AB5,RMSE,1.559692519196201
mild,2099,125,AB5,MAE,1.2706486067128662
mild,2099,125,AB5,DA,0.6204819277108434
high,2000,125,MPTE,RMSE,1.237821491112634
high,2000,125,MPTE,MAE,0.973911534915283
high,2000,125,MPTE,DA,0.3795180722891566
high,2000,125,AR,RMSE,1.3450816490049438
high,2000,125,AR,MAE,1.0610544705335332
high,2000,125,AR,DA,0.09036144578313253
high,2000,125,MIDAS,RMSE,1.2673787089690753
high,2000,125,MIDAS,MAE,1.0123289106855713
high,2000,125,MIDAS,DA,0.5753012048192772
high,2000,125,AB1,RMSE,1.2613827059811753
high,2000,125,AB1,MAE,1.0273891542383873
high,2000,125,AB1,DA,0.5421686746987951
high,2000,125,AB2,RMSE,1.332961941199801
high,2000,125,AB2,MAE,1.050432353494856
high,2000,125,AB2,DA,0.5
high,2000,125,AB3,RMSE,1.1897078127498748
high,2000,125,AB3,MAE,0.9603051495923766
high,2000,125,AB3,DA,0.5843373493975904
high,2000,125,AB4,RMSE,1.336350345442522
high,2000,125,AB4,MAE,1.049852475736805
high,2000,125,AB4,DA,0.5030120481927711
high,2000,125,AB5,RMSE,1.2295278062498416
high,2000,125,AB5,MAE,0.9840264466878111
high,2000,125,AB5,DA,0.5120481927710844
high,2001,125,MPTE,RMSE,1.2164916548741695
high,2001,125,MPTE,MAE,1.0030167726596726
high,2001,125,MPTE,DA,0.44879518072289154
high,2001,125,AR,RMSE,1.2235284916770712
high,2001,125,AR,MAE,1.0097696475682627
high,2001,125,AR,DA,0.02108433734939759
high,2001,125,MIDAS,RMSE,1.1926858039841917
high,2001,125,MIDAS,MAE,0.9776634838305467
high,2001,125,MIDAS,DA,0.5873493975903614
high,2001,125,AB1,RMSE,1.1077240557927424
high,2001,125,AB1,MAE,0.8785091448721554
high,2001,125,AB1,DA,0.6807228915662651
high,2001,125,AB2,RMSE,1.0899095118389746
high,2001,125,AB2,MAE,0.8857725369997465
high,2001,125,AB2,DA,0.677710843373494
high,2001,125,AB3,RMSE,1.1031121189309028
high,2001,125,AB3,MAE,0.9048171497717314
high,2001,125,AB3,DA,0.6626506024096386
high,2001,125,AB4,RMSE,1.2144687573623032
high,2001,125,AB4,MAE,1.0000484664524838
high,2001,125,AB4,DA,0.5451807228915663
high,2001,125,AB5,RMSE,1.1311241399596015
high,2001,125,AB5,MAE,0.9112359024581331
high,2001,125,AB5,DA,0.6234939759036144
high,2002,125,MPTE,RMSE,1.8015526559312327
high,2002,125,MPTE,MAE,1.4495914595227606
high,2002,125,MPTE,DA,0.5210843373493976
high,2002,125,AR,RMSE,1.8027318235525809
high,2002,125,AR,MAE,1.4498483774946938
high,2002,125,AR,DA,0.045180722891566265
high,2002,125,MIDAS,RMSE,1.7365886114727163
high,2002,125,MIDAS,MAE,1.4021906889402749
high,2002,125,MIDAS,DA,0.608433734939759
high,2002,125,AB1,RMSE,1.7306342218100736
high,2002,125,AB1,MAE,1.3846915157155548
high,2002,125,AB1,DA,0.5933734939759037
high,2002,125,AB2,RMSE,1.7449709034018772
high,2002,125,AB2,MAE,1.3873477826981413
high,2002,125,AB2,DA,0.5481927710843374
high,2002,125,AB3,RMSE,1.7613541046699885
high,2002,125,AB3,MAE,1.4055492770033708
high,2002,125,AB3,DA,0.6054216867469879
high,2002,125,AB4,RMSE,1.8022915096451115
high,2002,125,AB4,MAE,1.4472556773691176
high,2002,125,AB4,DA,0.5692771084337349
high,2002,125,AB5,RMSE,1.689219534740304
high,2002,125,AB5,MAE,1.35631457447043
high,2002,125,AB5,DA,0.6204819277108434
high,2003,125,MPTE,RMSE,1.2445892137644703
high,2003,125,MPTE,MAE,1.002903465666459
high,2003,125,MPTE,DA,0.713855421686747
high,2003,125,AR,RMSE,2.0971813466201783
high,2003,125,AR,MAE,1.6970003722624472
high,2003,125,AR,DA,0.3795180722891566
high,2003,125,MIDAS,RMSE,1.2607191779551576
high,2003,125,MIDAS,MAE,1.00908973395551
high,2003,125,MIDAS,DA,0.7108433734939759
high,2003,125,AB1,RMSE,1.3399140843430137
high,2003,125,AB1,MAE,1.0619068664997269
high,2003,125,AB1,DA,0.6656626506024096
high,2003,125,AB2,RMSE,1.266354971461663
high,2003,125,AB2,MAE,1.0166847440916778
high,2003,125,AB2,DA,0.7108433734939759
high,2003,125,AB3,RMSE,1.4419001266322575
high,2003,125,AB3,MAE,1.157754332340758
high,2003,125,AB3,DA,0.6987951807228916
high,2003,125,AB4,RMSE,1.6009362243008038
high,2003,125,AB4,MAE,1.2739266544384
high,2003,125,AB4,DA,0.5090361445783133
high,2003,125,AB5,RMSE,1.5122633252022222
high,2003,125,AB5,MAE,1.212223419339783
high,2003,125,AB5,DA,0.5873493975903614
high,2004,125,MPTE,RMSE,2.013596947930338
high,2004,125,MPTE,MAE,1.6297146369889546
high,2004,125,MPTE,DA,0.5843373493975904
high,2004,125,AR,RMSE,2.2364960294462426
high,2004,125,AR,MAE,1.8040861225540394
high,2004,125,AR,DA,0.10843373493975904
high,2004,125,MIDAS,RMSE,2.142569722278807
high,2004,125,MIDAS,MAE,1.7515606596175537
high,2004,125,MIDAS,DA,0.5481927710843374
high,2004,125,AB1,RMSE,2.044494137822472
high,2004,125,AB1,MAE,1.6547702158192157
high,2004,125,AB1,DA,0.5783132530120482
high,2004,125,AB2,RMSE,2.155454375642785
high,2004,125,AB2,MAE,1.7542652411398467
high,2004,125,AB2,DA,0.5783132530120482
high,2004,125,AB3,RMSE,2.0789497842310682
high,2004,125,AB3,MAE,1.6690136892154568
high,2004,125,AB3,DA,0.6445783132530121
high,2004,125,AB4,RMSE,2.238351736102744
high,2004,125,AB4,MAE,1.8079001870980607
high,2004,125,AB4,DA,0.4457831325301205
high,2004,125,AB5,RMSE,2.1181938763631587
high,2004,125,AB5,MAE,1.6957960970878914
high,2004,125,AB5,DA,0.5331325301204819
high,2005,125,MPTE,RMSE,1.1972607625216096
high,2005,125,MPTE,MAE,0.9477661009092484
high,2005,125,MPTE,DA,0.6295180722891566
high,2005,125,AR,RMSE,1.2486830488652731
high,2005,125,AR,MAE,0.9987135467844762
high,2005,125,AR,DA,0.0391566265060241
high,2005,125,MIDAS,RMSE,1.2770017428961735
high,2005,125,MIDAS,MAE,1.0184817135400692
high,2005,125,MIDAS,DA,0.5933734939759037
high,2005,125,AB1,RMSE,1.27355135813624
high,2005,125,AB1,MAE,1.0145355550389346
high,2005,125,AB1,DA,0.5903614457831325
high,2005,125,AB2,RMSE,1.173643597319579
high,2005,125,AB2,MAE,0.9340599903552236
high,2005,125,AB2,DA,0.6054216867469879
high,2005,125,AB3,RMSE,1.2769305867148377
high,2005,125,AB3,MAE,1.0221103728802892
high,2005,125,AB3,DA,0.5933734939759037
high,2005,125,AB4,RMSE,1.2431951021472896
high,2005,125,AB4,MAE,0.9931368636914308
high,2005,125,AB4,DA,0.5331325301204819
high,2005,125,AB5,RMSE,1.157893643095084
high,2005,125,AB5,MAE,0.9280373133942372
high,2005,125,AB5,DA,0.6054216867469879
high,2006,125,MPTE,RMSE,1.699206805801648
high,2006,125,MPTE,MAE,1.3612133892853844
high,2006,125,MPTE,DA,0.677710843373494
high,2006,125,AR,RMSE,1.8984156034690578
high,2006,125,AR,MAE,1.5247433184503127
high,2006,125,AR,DA,0.05421686746987952
high,2006,125,MIDAS,RMSE,1.7663563514324936
high,2006,125,MIDAS,MAE,1.3826104661393426
high,2006,125,MIDAS,DA,0.641566265060241
high,2006,125,AB1,RMSE,1.7351178233578581
high,2006,125,AB1,MAE,1.3940700554767247
high,2006,125,AB1,DA,0.6957831325301205
high,2006,125,AB2,RMSE,1.724457503181766
high,2006,125,AB2,MAE,1.3877507621158123
high,2006,125,AB2,DA,0.6746987951807228
high,2006,125,AB3,RMSE,1.726933244289805
high,2006,125,AB3,MAE,1.3853780076765327
high,2006,125,AB3,DA,0.6536144578313253
high,2006,125,AB4,RMSE,1.9267936073378122
high,2006,125,AB4,MAE,1.5810075845149545
high,2006,125,AB4,DA,0.5481927710843374
high,2006,125,AB5,RMSE,1.8127305397673688
high,2006,125,AB5,MAE,1.4647257986480433
high,2006,125,AB5,DA,0.5813253012048193
high,2007,125,MPTE,RMSE,1.5382827953692075
high,2007,125,MPTE,MAE,1.2260911454259715
high,2007,125,MPTE,DA,0.7349397590361446
high,2007,125,AR,RMSE,1.7530264241613158
high,2007,125,AR,MAE,1.367984557859938
high,2007,125,AR,DA,0.030120481927710843
high,2007,125,MIDAS,RMSE,1.5596166260267397
high,2007,125,MIDAS,MAE,1.2204391190425297
high,2007,125,MIDAS,DA,0.6987951807228916
high,2007,125,AB1,RMSE,1.5708366936411746
high,2007,125,AB1,MAE,1.2525555625846663
high,2007,125,AB1,DA,0.7078313253012049
high,2007,125,AB2,RMSE,1.5227949537111478
high,2007,125,AB2,MAE,1.2005679022558449
high,2007,125,AB2,DA,0.713855421686747
high,2007,125,AB3,RMSE,1.5769514795854618
high,2007,125,AB3,MAE,1.2558084271722867
high,2007,125,AB3,DA,0.7198795180722891
high,2007,125,AB4,RMSE,1.7692199736037488
high,2007,125,AB4,MAE,1.393371274456708
high,2007,125,AB4,DA,0.5873493975903614
high,2007,125,AB5,RMSE,1.611767042432503
high,2007,125,AB5,MAE,1.2697971046944008
high,2007,125,AB5,DA,0.677710843373494
high,2008,125,MPTE,RMSE,1.1967343626653113
high,2008,125,MPTE,MAE,0.9505854223061347
high,2008,125,MPTE,DA,0.6385542168674698
high,2008,125,AR,RMSE,1.2804348925634557
high,2008,125,AR,MAE,1.0142207598524096
high,2008,125,AR,DA,0.0572289156626506
high,2008,125,MIDAS,RMSE,1.323227218280753
high,2008,125,MIDAS,MAE,1.0620957509622508
high,2008,125,MIDAS,DA,0.5572289156626506
high,2008,125,AB1,RMSE,1.3171108125986246
high,2008,125,AB1,MAE,1.045965524494594
high,2008,125,AB1,DA,0.6234939759036144
high,2008,125,AB2,RMSE,1.2045401326121215
high,2008,125,AB2,MAE,0.9618026549674656
high,2008,125,AB2,DA,0.6475903614457831
high,2008,125,AB3,RMSE,1.3032220715965634
high,2008,125,AB3,MAE,1.0436418404315493
high,2008,125,AB3,DA,0.641566265060241
high,2008,125,AB4,RMSE,1.246904193590291
high,2008,125,AB4,MAE,0.9846784405490793
high,2008,125,AB4,DA,0.5692771084337349
high,2008,125,AB5,RMSE,1.2026668485634038
high,2008,125,AB5,MAE,0.9654044397166183
high,2008,125,AB5,DA,0.6114457831325302
high,2009,125,AB2,RMSE,1.9536807065880581
high,2009,125,AB2,MAE,1.5962772531991893
high,2009,125,AB2,DA,0.6355421686746988
high,2009,125,AB4,RMSE,2.2405228508601187
high,2009,125,AB4,MAE,1.9198504291350769
high,2009,125,AB4,DA,0.5692771084337349
high,2009,125,AB5,RMSE,2.0586342160463786
high,2009,125,AB5,MAE,1.7026798688566898
high,2009,125,AB5,DA,0.6475903614457831
high,2010,125,MPTE,RMSE,1.2314404114486817
high,2010,125,MPTE,MAE,0.9701868331270777
high,2010,125,MPTE,DA,0.6445783132530121
high,2010,125,AR,RMSE,1.4642130236661097
high,2010,125,AR,MAE,1.1656886874802361
high,2010,125,AR,DA,0.0
high,2010,125,MIDAS,RMSE,1.3620295106111273
high,2010,125,MIDAS,MAE,1.0727646879856445
high,2010,125,MIDAS,DA,0.6204819277108434
high,2010,125,AB1,RMSE,1.2621254301296476
high,2010,125,AB1,MAE,0.9832876699747205
high,2010,125,AB1,DA,0.6596385542168675
high,2010,125,AB2,RMSE,1.2681204115588953
high,2010,125,AB2,MAE,1.0010543102114169
high,2010,125,AB2,DA,0.6445783132530121
high,2010,125,AB3,RMSE,1.3240126720506877
high,2010,125,AB3,MAE,1.0436449635242628
high,2010,125,AB3,DA,0.6445783132530121
high,2010,125,AB4,RMSE,1.4551079627883823
high,2010,125,AB4,MAE,1.1548178201077866
high,2010,125,AB4,DA,0.5512048192771084
high,2010,125,AB5,RMSE,1.2544432598742845
high,2010,125,AB5,MAE,1.0034540487940526
high,2010,125,AB5,DA,0.6626506024096386
high,2011,125,MPTE,RMSE,2.029986112630177
high,2011,125,MPTE,MAE,1.6118224723131727
high,2011,125,MPTE,DA,0.5602409638554217
high,2011,125,AR,RMSE,2.1696545538833734
high,2011,125,AR,MAE,1.752530486263614
high,2011,125,AR,DA,0.0
high,2011,125,MIDAS,RMSE,2.0651409223671298
high,2011,125,MIDAS,MAE,1.6442740807381537
high,2011,125,MIDAS,DA,0.5933734939759037
high,2011,125,AB1,RMSE,2.007380242012637
high,2011,125,AB1,MAE,1.5813971457068519
high,2011,125,AB1,DA,0.5813253012048193
high,2011,125,AB2,RMSE,2.019392680388843
high,2011,125,AB2,MAE,1.62269915321195
high,2011,125,AB2,DA,0.5933734939759037
high,2011,125,AB3,RMSE,2.0390766431300165
high,2011,125,AB3,MAE,1.613289773662048
high,2011,125,AB3,DA,0.6144578313253012
high,2011,125,AB4,RMSE,2.1058553124442296
high,2011,125,AB4,MAE,1.6930810962493676
high,2011,125,AB4,DA,0.5060240963855421
high,2011,125,AB5,RMSE,2.07721923804313
high,2011,125,AB5,MAE,1.6859275072980864
high,2011,125,AB5,DA,0.5843373493975904
high,2012,125,MPTE,RMSE,1.1398154239701286
high,2012,125,MPTE,MAE,0.9182639218295593
high,2012,125,MPTE,DA,0.6716867469879518
high,2012,125,AR,RMSE,1.3129881458759582
high,2012,125,AR,MAE,1.0547110498000025
high,2012,125,AR,DA,0.02710843373493976
high,2012,125,MIDAS,RMSE,1.2684969631049825
high,2012,125,MIDAS,MAE,1.011031201384078
high,2012,125,MIDAS,DA,0.6054216867469879
high,2012,125,AB1,RMSE,1.2406767620821697
high,2012,125,AB1,MAE,0.9824778520039511
high,2012,125,AB1,DA,0.6234939759036144
high,2012,125,AB2,RMSE,1.2068725629225359
high,2012,125,AB2,MAE,0.9851074746346782
high,2012,125,AB2,DA,0.6385542168674698
high,2012,125,AB3,RMSE,1.2652113776283473
high,2012,125,AB3,MAE,1.0309535721650875
high,2012,125,AB3,DA,0.6837349397590361
high,2012,125,AB4,RMSE,1.3115951502205245
high,2012,125,AB4,MAE,1.0485694312777918
high,2012,125,AB4,DA,0.5
high,2012,125,AB5,RMSE,1.2866896029642272
high,2012,125,AB5,MAE,1.014750191235157
high,2012,125,AB5,DA,0.608433734939759
high,2013,125,MPTE,RMSE,1.2654799551390488
high,2013,125,MPTE,MAE,1.0279980220506377
high,2013,125,MPTE,DA,0.6746987951807228
high,2013,125,AR,RMSE,1.3756363245558443
high,2013,125,AR,MAE,1.1044113789459598
high,2013,125,AR,DA,0.024096385542168676
high,2013,125,MIDAS,RMSE,1.2990073609950663
high,2013,125,MIDAS,MAE,1.0549341366431622
high,2013,125,MIDAS,DA,0.6867469879518072
high,2013,125,AB1,RMSE,1.311792715455807
high,2013,125,AB1,MAE,1.062152286401271
high,2013,125,AB1,DA,0.5963855421686747
high,2013,125,AB2,RMSE,1.2353295515805705
high,2013,125,AB2,MAE,1.0106473029421243
high,2013,125,AB2,DA,0.6596385542168675
high,2013,125,AB3,RMSE,1.3354701042101729
high,2013,125,AB3,MAE,1.0815653334982065
high,2013,125,AB3,DA,0.6385542168674698
high,2013,125,AB4,RMSE,1.386632911309015
high,2013,125,AB4,MAE,1.1186010823769128
high,2013,125,AB4,DA,0.49698795180722893
high,2013,125,AB5,RMSE,1.3627861871179898
high,2013,125,AB5,MAE,1.1188062760751332
high,2013,125,AB5,DA,0.5391566265060241
high,2014,125,MPTE,RMSE,1.2573186350786816
high,2014,125,MPTE,MAE,0.9948173814454493
high,2014,125,MPTE,DA,0.5963855421686747
high,2014,125,AR,RMSE,1.519682771971262
high,2014,125,AR,MAE,1.2337861323451096
high,2014,125,AR,DA,0.02108433734939759
high,2014,125,MIDAS,RMSE,1.284347941195309
high,2014,125,MIDAS,MAE,1.0261391391566692
high,2014,125,MIDAS,DA,0.641566265060241
high,2014,125,AB1,RMSE,1.243087420299624
high,2014,125,AB1,MAE,0.9747043050654343
high,2014,125,AB1,DA,0.641566265060241
high,2014,125,AB2,RMSE,1.2438334444254424
high,2014,125,AB2,MAE,0.9834299647972442
high,2014,125,AB2,DA,0.6566265060240963
high,2014,125,AB3,RMSE,1.2848469132387879
high,2014,125,AB3,MAE,1.00251528313583
high,2014,125,AB3,DA,0.6234939759036144
high,2014,125,AB4,RMSE,1.4897344340870455
high,2014,125,AB4,MAE,1.2040248783615353
high,2014,125,AB4,DA,0.49096385542168675
high,2014,125,AB5,RMSE,1.3005475806055433
high,2014,125,AB5,MAE,1.0435233894802312
high,2014,125,AB5,DA,0.5933734939759037
high,2015,125,MPTE,RMSE,1.16495170860825
high,2015,125,MPTE,MAE,0.9120445384280496
high,2015,125,MPTE,DA,0.536144578313253
high,2015,125,AR,RMSE,1.1889085594075823
high,2015,125,AR,MAE,0.9307715842462141
high,2015,125,AR,DA,0.0030120481927710845
high,2015,125,MIDAS,RMSE,1.2474786744147581
high,2015,125,MIDAS,MAE,0.9859990411798952
high,2015,125,MIDAS,DA,0.5331325301204819
high,2015,125,AB1,RMSE,1.1633176062131154
high,2015,125,AB1,MAE,0.9125289380209564
high,2015,125,AB1,DA,0.5843373493975904
high,2015,125,AB2,RMSE,1.2001391914741346
high,2015,125,AB2,MAE,0.9332715891434166
high,2015,125,AB2,DA,0.536144578313253
high,2015,125,AB3,RMSE,1.1576555292123258
high,2015,125,AB3,MAE,0.893223433526587
high,2015,125,AB3,DA,0.6716867469879518
high,2015,125,AB4,RMSE,1.1921260986709497
high,2015,125,AB4,MAE,0.9307460464883862
high,2015,125,AB4,DA,0.4066265060240964
high,2015,125,AB5,RMSE,1.1658961218248844
high,2015,125,AB5,MAE,0.8971551208074783
high,2015,125,AB5,DA,0.6355421686746988
high,2016,125,MPTE,RMSE,1.1947302998722122
high,2016,125,MPTE,MAE,0.9670301280626906
high,2016,125,MPTE,DA,0.6506024096385542
high,2016,125,AR,RMSE,1.341845621231389
high,2016,125,AR,MAE,1.0804957998220268
high,2016,125,AR,DA,0.4789156626506024
high,2016,125,MIDAS,RMSE,1.2775736996198268
high,2016,125,MIDAS,MAE,1.028292187814143
high,2016,125,MIDAS,DA,0.6024096385542169
high,2016,125,AB1,RMSE,1.3010580624769552
high,2016,125,AB1,MAE,1.0431221435092275
high,2016,125,AB1,DA,0.5632530120481928
high,2016,125,AB2,RMSE,1.2736592299625098
high,2016,125,AB2,MAE,1.0253643825020935
high,2016,125,AB2,DA,0.6204819277108434
high,2016,125,AB3,RMSE,1.2341134853430453
high,2016,125,AB3,MAE,0.9937820865760486
high,2016,125,AB3,DA,0.6355421686746988
high,2016,125,AB4,RMSE,1.3469607706816098
high,2016,125,AB4,MAE,1.0817436980073727
high,2016,125,AB4,DA,0.4789156626506024
high,2016,125,AB5,RMSE,1.2788182913664816
high,2016,125,AB5,MAE,1.0409101833030734
high,2016,125,AB5,DA,0.6054216867469879
high,2017,125,MPTE,RMSE,1.2931601726453918
high,2017,125,MPTE,MAE,1.0259297558194198
high,2017,125,MPTE,DA,0.6325301204819277
high,2017,125,AR,RMSE,1.4059654618686066
high,2017,125,AR,MAE,1.1287702952360628
high,2017,125,AR,DA,0.045180722891566265
high,2017,125,MIDAS,RMSE,1.2850670021160644
high,2017,125,MIDAS,MAE,1.0097937445374272
high,2017,125,MIDAS,DA,0.6686746987951807
high,2017,125,AB1,RMSE,1.3176592895718802
high,2017,125,AB1,MAE,1.0495595718748225
high,2017,125,AB1,DA,0.6385542168674698
high,2017,125,AB2,RMSE,1.3074239303916433
high,2017,125,AB2,MAE,1.037968503261891
high,2017,125,AB2,DA,0.6024096385542169
high,2017,125,AB3,RMSE,1.341735681870479
high,2017,125,AB3,MAE,1.0796884098002164
high,2017,125,AB3,DA,0.6144578313253012
high,2017,125,AB4,RMSE,1.3930003732802891
high,2017,125,AB4,MAE,1.1196867877439434
high,2017,125,AB4,DA,0.5602409638554217
high,2017,125,AB5,RMSE,1.367813659587818
high,2017,125,AB5,MAE,1.099737142510886
high,2017,125,AB5,DA,0.5120481927710844
high,2018,125,MPTE,RMSE,1.5369609167971179
high,2018,125,MPTE,MAE,1.2351543946148087
high,2018,125,MPTE,DA,0.5572289156626506
high,2018,125,AR,RMSE,1.8004409058411543
high,2018,125,AR,MAE,1.4440934495867581
high,2018,125,AR,DA,0.11746987951807229
high,2018,125,MIDAS,RMSE,1.5175708300061155
high,2018,125,MIDAS,MAE,1.1986609739939864
high,2018,125,MIDAS,DA,0.608433734939759
high,2018,125,AB1,RMSE,1.565248148939915
high,2018,125,AB1,MAE,1.219495148831376
high,2018,125,AB1,DA,0.6234939759036144
high,2018,125,AB2,RMSE,1.4947295723397043
high,2018,125,AB2,MAE,1.169978831325063
high,2018,125,AB2,DA,0.6385542168674698
high,2018,125,AB3,RMSE,1.5802014033779785
high,2018,125,AB3,MAE,1.2476551527418553
high,2018,125,AB3,DA,0.6144578313253012
high,2018,125,AB4,RMSE,1.8280211062761458
high,2018,125,AB4,MAE,1.4593570001765908
high,2018,125,AB4,DA,0.4939759036144578
high,2018,125,AB5,RMSE,1.567027254365409
high,2018,125,AB5,MAE,1.2313378817383784
high,2018,125,AB5,DA,0.5753012048192772
high,2019,125,MPTE,RMSE,1.9072646569355227
high,2019,125,MPTE,MAE,1.5159109029112379
high,2019,125,MPTE,DA,0.5542168674698795
high,2019,125,AR,RMSE,2.3588990710549216
high,2019,125,AR,MAE,1.9383341151061664
high,2019,125,AR,DA,0.24096385542168675
high,2019,125,MIDAS,RMSE,1.960329440978488
high,2019,125,MIDAS,MAE,1.5646094879717742
high,2019,125,MIDAS,DA,0.5512048192771084
high,2019,125,AB1,RMSE,1.9563013078380749
high,2019,125,AB1,MAE,1.5448753782294427
high,2019,125,AB1,DA,0.5512048192771084
high,2019,125,AB2,RMSE,2.154283078070531
high,2019,125,AB2,MAE,1.7152082834187588
high,2019,125,AB2,DA,0.4759036144578313
high,2019,125,AB3,RMSE,2.0581522935196706
high,2019,125,AB3,MAE,1.6375148986327699
high,2019,125,AB3,DA,0.46987951807228917
high,2019,125,AB4,RMSE,2.477485817343907
high,2019,125,AB4,MAE,2.0086831689083535
high,2019,125,AB4,DA,0.4608433734939759
high,2019,125,AB5,RMSE,2.043076570732538
high,2019,125,AB5,MAE,1.5853411713608074
high,2019,125,AB5,DA,0.5030120481927711
high,2020,125,MPTE,RMSE,1.3289844003256686
high,2020,125,MPTE,MAE,1.075861043889749
high,2020,125,MPTE,DA,0.7379518072289156
high,2020,125,AR,RMSE,1.6149720741415212
high,2020,125,AR,MAE,1.3095322401060527
high,2020,125,AR,DA,0.4939759036144578
high,2020,125,MIDAS,RMSE,1.3859836798263105
high,2020,125,MIDAS,MAE,1.1313277072787216
high,2020,125,MIDAS,DA,0.7319277108433735
high,2020,125,AB1,RMSE,1.408983722088451
high,2020,125,AB1,MAE,1.138274453130373
high,2020,125,AB1,DA,0.7168674698795181
high,2020,125,AB2,RMSE,1.3260281675751773
high,2020,125,AB2,MAE,1.0676377162745219
high,2020,125,AB2,DA,0.7198795180722891
high,2020,125,AB3,RMSE,1.48173738194456
high,2020,125,AB3,MAE,1.1819747553220157
high,2020,125,AB3,DA,0.6867469879518072
high,2020,125,AB4,RMSE,1.6062071041285122
high,2020,125,AB4,MAE,1.304592716497716
high,2020,125,AB4,DA,0.5662650602409639
high,2020,125,AB5,RMSE,1.3995124714813538
high,2020,125,AB5,MAE,1.1170801824820387
high,2020,125,AB5,DA,0.7048192771084337
high,2021,125,MPTE,RMSE,1.7153381846093652
high,2021,125,MPTE,MAE,1.3910159753342444
high,2021,125,MPTE,DA,0.6144578313253012
high,2021,125,AR,RMSE,2.300701898676091
high,2021,125,AR,MAE,1.9270257811545628
high,2021,125,AR,DA,0.1566265060240964
high,2021,125,MIDAS,RMSE,1.6860308618065702
high,2021,125,MIDAS,MAE,1.3672056115974567
high,2021,125,MIDAS,DA,0.5843373493975904
high,2021,125,AB1,RMSE,1.7078565657254798
high,2021,125,AB1,MAE,1.3283095693051827
high,2021,125,AB1,DA,0.5783132530120482
high,2021,125,AB2,RMSE,1.679465492784093
high,2021,125,AB2,MAE,1.334465824104802
high,2021,125,AB2,DA,0.6144578313253012
high,2021,125,AB3,RMSE,1.7714878236696767
high,2021,125,AB3,MAE,1.40696213994489
high,2021,125,AB3,DA,0.5692771084337349
high,2021,125,AB4,RMSE,1.9238077011415633
high,2021,125,AB4,MAE,1.5692662845570482
high,2021,125,AB4,DA,0.42771084337349397
high,2021,125,AB5,RMSE,1.9740953159222872
high,2021,125,AB5,MAE,1.5762735625482889
high,2021,125,AB5,DA,0.5180722891566265
high,2022,125,MPTE,RMSE,1.5043355215044223
high,2022,125,MPTE,MAE,1.1964503194629759
high,2022,125,MPTE,DA,0.7319277108433735
high,2022,125,AR,RMSE,1.6180903323919316
high,2022,125,AR,MAE,1.2986733117798226
high,2022,125,AR,DA,0.5
high,2022,125,MIDAS,RMSE,1.5219017034666613
high,2022,125,MIDAS,MAE,1.2341067898889813
high,2022,125,MIDAS,DA,0.6746987951807228
high,2022,125,AB1,RMSE,1.5578434108538852
high,2022,125,AB1,MAE,1.260160309756324
high,2022,125,AB1,DA,0.6385542168674698
high,2022,125,AB2,RMSE,1.4827266389792888
high,2022,125,AB2,MAE,1.19854378625185
high,2022,125,AB2,DA,0.6626506024096386
high,2022,125,AB3,RMSE,1.6605791666527372
high,2022,125,AB3,MAE,1.334221397593231
high,2022,125,AB3,DA,0.6656626506024096
high,2022,125,AB4,RMSE,1.6237666077834574
high,2022,125,AB4,MAE,1.302693330993316
high,2022,125,AB4,DA,0.5150602409638554
high,2022,125,AB5,RMSE,1.564455606093844
high,2022,125,AB5,MAE,1.2545874672289454
high,2022,125,AB5,DA,0.6746987951807228
high,2023,125,MPTE,RMSE,1.4000192826759503
high,2023,125,MPTE,MAE,1.105789813261716
high,2023,125,MPTE,DA,0.5301204819277109
high,2023,125,AR,RMSE,1.5259625174705567
high,2023,125,AR,MAE,1.2233032897306682
high,2023,125,AR,DA,0.0963855421686747
high,2023,125,MIDAS,RMSE,1.3278773744996049
high,2023,125,MIDAS,MAE,1.0574652633553943
high,2023,125,MIDAS,DA,0.5903614457831325
high,2023,125,AB1,RMSE,1.2977018402346552
high,2023,125,AB1,MAE,1.017676043904307
high,2023,125,AB1,DA,0.6114457831325302
high,2023,125,AB2,RMSE,1.3178913505728365
high,2023,125,AB2,MAE,1.0162977418395007
high,2023,125,AB2,DA,0.6325301204819277
high,2023,125,AB3,RMSE,1.3179111146367437
high,2023,125,AB3,MAE,1.0156402106422375
high,2023,125,AB3,DA,0.6566265060240963
high,2023,125,AB4,RMSE,1.4887319571180615
high,2023,125,AB4,MAE,1.1930007225573667
high,2023,125,AB4,DA,0.4939759036144578
high,2023,125,AB5,RMSE,1.3147879716967101
high,2023,125,AB5,MAE,1.0362211619117432
high,2023,125,AB5,DA,0.6234939759036144
high,2024,125,MPTE,RMSE,1.3083617817808748
high,2024,125,MPTE,MAE,1.0550927840258313
high,2024,125,MPTE,DA,0.6596385542168675
high,2024,125,AR,RMSE,1.7472418389177642
high,2024,125,AR,MAE,1.3903103591488373
high,2024,125,AR,DA,0.060240963855421686
high,2024,125,MIDAS,RMSE,1.4415885360440952
high,2024,125,MIDAS,MAE,1.146538165262868
high,2024,125,MIDAS,DA,0.6506024096385542
high,2024,125,AB1,RMSE,1.4440885165643391
high,2024,125,AB1,MAE,1.1655989338091883
high,2024,125,AB1,DA,0.6204819277108434
high,2024,125,AB2,RMSE,1.3525682205751697
high,2024,125,AB2,MAE,1.0906083413718677
high,2024,125,AB2,DA,0.6355421686746988
high,2024,125,AB3,RMSE,1.615537648788002
high,2024,125,AB3,MAE,1.2866790623014472
high,2024,125,AB3,DA,0.5632530120481928
high,2024,125,AB4,RMSE,1.7452792850385368
high,2024,125,AB4,MAE,1.3891725813174682
high,2024,125,AB4,DA,0.5451807228915663
high,2024,125,AB5,RMSE,1.5022670365252502
high,2024,125,AB5,MAE,1.2314487101178833
high,2024,125,AB5,DA,0.5331325301204819
high,2025,125,MPTE,RMSE,1.4489754362111131
high,2025,125,MPTE,MAE,1.1460280372128033
high,2025,125,MPTE,DA,0.6536144578313253
high,2025,125,AR,RMSE,1.786334826818648
high,2025,125,AR,MAE,1.4568592991084117
high,2025,125,AR,DA,0.32831325301204817
high,2025,125,MIDAS,RMSE,1.5583298589113868
high,2025,125,MIDAS,MAE,1.245744827110453
high,2025,125,MIDAS,DA,0.6716867469879518
high,2025,125,AB1,RMSE,1.5426145291619477
high,2025,125,AB1,MAE,1.2310534282866692
high,2025,125,AB1,DA,0.641566265060241
high,2025,125,AB2,RMSE,1.4686022436834067
high,2025,125,AB2,MAE,1.1703463086823715
high,2025,125,AB2,DA,0.6686746987951807
high,2025,125,AB3,RMSE,1.6115475858361643
high,2025,125,AB3,MAE,1.2639412262566017
high,2025,125,AB3,DA,0.6656626506024096
high,2025,125,AB4,RMSE,1.72586888983158
high,2025,125,AB4,MAE,1.3857387410701918
high,2025,125,AB4,DA,0.4789156626506024
high,2025,125,AB5,RMSE,1.552201298349599
high,2025,125,AB5,MAE,1.2378052745541308
high,2025,125,AB5,DA,0.6295180722891566
high,2026,125,AB2,RMSE,1.741346198321575
high,2026,125,AB2,MAE,1.4050004329964785
high,2026,125,AB2,DA,0.7349397590361446
high,2026,125,AB4,RMSE,1.9664754775721554
high,2026,125,AB4,MAE,1.6229101496159433
high,2026,125,AB4,DA,0.5150602409638554
high,2026,125,AB5,RMSE,1.908250323761127
high,2026,125,AB5,MAE,1.5681638675890224
high,2026,125,AB5,DA,0.6144578313253012
high,2027,125,MPTE,RMSE,1.5921418665458777
high,2027,125,MPTE,MAE,1.254326154878559
high,2027,125,MPTE,DA,0.7048192771084337
high,2027,125,AR,RMSE,1.704704460736305
high,2027,125,AR,MAE,1.3605226507754646
high,2027,125,AR,DA,0.1686746987951807
high,2027,125,MIDAS,RMSE,1.5944001936167143
high,2027,125,MIDAS,MAE,1.2693498775552146
high,2027,125,MIDAS,DA,0.6234939759036144
high,2027,125,AB1,RMSE,1.6187115543225419
high,2027,125,AB1,MAE,1.2706211833010526
high,2027,125,AB1,DA,0.6807228915662651
high,2027,125,AB2,RMSE,1.5998331639152759
high,2027,125,AB2,MAE,1.2610044248610575
high,2027,125,AB2,DA,0.6475903614457831
high,2027,125,AB3,RMSE,1.56265468207034
high,2027,125,AB3,MAE,1.232779125152422
high,2027,125,AB3,DA,0.6987951807228916
high,2027,125,AB4,RMSE,1.669457124477224
high,2027,125,AB4,MAE,1.3267816231604443
high,2027,125,AB4,DA,0.47289156626506024
high,2027,125,AB5,RMSE,1.6161566248039545
high,2027,125,AB5,MAE,1.2608139979619601
high,2027,125,AB5,DA,0.6445783132530121
high,2028,125,MPTE,RMSE,1.2612238245582499
high,2028,125,MPTE,MAE,1.0254315652910404
high,2028,125,MPTE,DA,0.5271084337349398
high,2028,125,AR,RMSE,1.256612667487513
high,2028,125,AR,MAE,1.0170046326603894
high,2028,125,AR,DA,0.030120481927710843
high,2028,125,MIDAS,RMSE,1.2285046705727516
high,2028,125,MIDAS,MAE,1.0006847770306462
high,2028,125,MIDAS,DA,0.6024096385542169
high,2028,125,AB1,RMSE,1.1622536373016505
high,2028,125,AB1,MAE,0.9599257485392001
high,2028,125,AB1,DA,0.5933734939759037
high,2028,125,AB2,RMSE,1.1624725331710009
high,2028,125,AB2,MAE,0.9480379697535983
high,2028,125,AB2,DA,0.5843373493975904
high,2028,125,AB3,RMSE,1.1390623883604234
high,2028,125,AB3,MAE,0.9477937164297359
high,2028,125,AB3,DA,0.5873493975903614
high,2028,125,AB4,RMSE,1.2630662911417048
high,2028,125,AB4,MAE,1.0264333887101353
high,2028,125,AB4,DA,0.5210843373493976
high,2028,125,AB5,RMSE,1.2211426777989223
high,2028,125,AB5,MAE,0.9978749697571878
high,2028,125,AB5,DA,0.5180722891566265
high,2029,125,MPTE,RMSE,1.7675983202216694
high,2029,125,MPTE,MAE,1.424324181824865
high,2029,125,MPTE,DA,0.713855421686747
high,2029,125,AR,RMSE,2.0647374314074534
high,2029,125,AR,MAE,1.6851889801435957
high,2029,125,AR,DA,0.06325301204819277
high,2029,125,MIDAS,RMSE,1.8147318940945687
high,2029,125,MIDAS,MAE,1.4623217778578004
high,2029,125,MIDAS,DA,0.7048192771084337
high,2029,125,AB1,RMSE,1.903245185942547
high,2029,125,AB1,MAE,1.5409505458840176
high,2029,125,AB1,DA,0.6445783132530121
high,2029,125,AB2,RMSE,1.8184820042812215
high,2029,125,AB2,MAE,1.4834732857764255
high,2029,125,AB2,DA,0.6957831325301205
high,2029,125,AB3,RMSE,1.8482947562819345
high,2029,125,AB3,MAE,1.494564654319158
high,2029,125,AB3,DA,0.6566265060240963
high,2029,125,AB4,RMSE,2.07724600452856
high,2029,125,AB4,MAE,1.6800780110352938
high,2029,125,AB4,DA,0.5
high,2029,125,AB5,RMSE,1.9971206582570358
high,2029,125,AB5,MAE,1.633163991702278
high,2029,125,AB5,DA,0.5843373493975904
high,2030,125,MPTE,RMSE,1.1096652408074643
high,2030,125,MPTE,MAE,0.8753719525688838
high,2030,125,MPTE,DA,0.6234939759036144
high,2030,125,AR,RMSE,1.173319266428226
high,2030,125,AR,MAE,0.9388403325953828
high,2030,125,AR,DA,0.04216867469879518
high,2030,125,MIDAS,RMSE,1.212518272492777
high,2030,125,MIDAS,MAE,0.9566591241707392
high,2030,125,MIDAS,DA,0.5331325301204819
high,2030,125,AB1,RMSE,1.110881525220068
high,2030,125,AB1,MAE,0.8805455670427486
high,2030,125,AB1,DA,0.5963855421686747
high,2030,125,AB2,RMSE,1.1626760803111558
high,2030,125,AB2,MAE,0.9306354616533017
high,2030,125,AB2,DA,0.5993975903614458
high,2030,125,AB3,RMSE,1.18481943845718
high,2030,125,AB3,MAE,0.9469817625755592
high,2030,125,AB3,DA,0.5391566265060241
high,2030,125,AB4,RMSE,1.1738835570852
high,2030,125,AB4,MAE,0.9398841105285701
high,2030,125,AB4,DA,0.5030120481927711
high,2030,125,AB5,RMSE,1.1425556630184235
high,2030,125,AB5,MAE,0.9060350699402393
high,2030,125,AB5,DA,0.536144578313253
high,2031,125,MPTE,RMSE,1.141496224232905
high,2031,125,MPTE,MAE,0.9182750702434644
high,2031,125,MPTE,DA,0.7650602409638554
high,2031,125,AR,RMSE,1.5443256422061102
high,2031,125,AR,MAE,1.2590256695035222
high,2031,125,AR,DA,0.08734939759036145
high,2031,125,MIDAS,RMSE,1.2818053718151912
high,2031,125,MIDAS,MAE,1.0107498392374068
high,2031,125,MIDAS,DA,0.5512048192771084
high,2031,125,AB1,RMSE,1.19209447998183
high,2031,125,AB1,MAE,0.9422957764712548
high,2031,125,AB1,DA,0.6325301204819277
high,2031,125,AB2,RMSE,1.154002603464962
high,2031,125,AB2,MAE,0.9128104120160894
high,2031,125,AB2,DA,0.7259036144578314
high,2031,125,AB3,RMSE,1.1687238745182245
high,2031,125,AB3,MAE,0.9350261164933041
high,2031,125,AB3,DA,0.6957831325301205
high,2031,125,AB4,RMSE,1.5215156192688455
high,2031,125,AB4,MAE,1.2436765248126131
high,2031,125,AB4,DA,0.49698795180722893
high,2031,125,AB5,RMSE,1.171408570240877
high,2031,125,AB5,MAE,0.94544848293767
high,2031,125,AB5,DA,0.7168674698795181
high,2032,125,MPTE,RMSE,2.097436883694471
high,2032,125,MPTE,MAE,1.6982267214552498
high,2032,125,MPTE,DA,0.5783132530120482
high,2032,125,AR,RMSE,2.2603894156058235
high,2032,125,AR,MAE,1.8204891984352578
high,2032,125,AR,DA,0.29518072289156627
high,2032,125,MIDAS,RMSE,2.183872923108464
high,2032,125,MIDAS,MAE,1.764083082081049
high,2032,125,MIDAS,DA,0.5602409638554217
high,2032,125,AB1,RMSE,2.116020389400133
high,2032,125,AB1,MAE,1.6912436959281305
high,2032,125,AB1,DA,0.5662650602409639
high,2032,125,AB2,RMSE,2.1353987557513374
high,2032,125,AB2,MAE,1.746039304854276
high,2032,125,AB2,DA,0.5632530120481928
high,2032,125,AB3,RMSE,2.1942602898790318
high,2032,125,AB3,MAE,1.7584254471082488
high,2032,125,AB3,DA,0.5512048192771084
high,2032,125,AB4,RMSE,2.265663112388404
high,2032,125,AB4,MAE,1.8286791034351626
high,2032,125,AB4,DA,0.45481927710843373
high,2032,125,AB5,RMSE,2.1237357447083336
high,2032,125,AB5,MAE,1.7140960074600038
high,2032,125,AB5,DA,0.5542168674698795
high,2033,125,MPTE,RMSE,1.6073493048404524
high,2033,125,MPTE,MAE,1.2670435025612121
high,2033,125,MPTE,DA,0.43373493975903615
high,2033,125,AR,RMSE,1.6130326326010294
high,2033,125,AR,MAE,1.272362776650848
high,2033,125,AR,DA,0.06626506024096386
high,2033,125,MIDAS,RMSE,1.3746028187255366
high,2033,125,MIDAS,MAE,1.112701083735432
high,2033,125,MIDAS,DA,0.5240963855421686
high,2033,125,AB1,RMSE,1.523072871380488
high,2033,125,AB1,MAE,1.2258133652252954
high,2033,125,AB1,DA,0.5451807228915663
high,2033,125,AB2,RMSE,1.4271710133259492
high,2033,125,AB2,MAE,1.1410944722084477
high,2033,125,AB2,DA,0.536144578313253
high,2033,125,AB3,RMSE,1.4331768250066752
high,2033,125,AB3,MAE,1.1514806094157886
high,2033,125,AB3,DA,0.5240963855421686
high,2033,125,AB4,RMSE,1.6438531401811562
high,2033,125,AB4,MAE,1.3098666797449365
high,2033,125,AB4,DA,0.4427710843373494
high,2033,125,AB5,RMSE,1.5619534749001922
high,2033,125,AB5,MAE,1.2643026338197685
high,2033,125,AB5,DA,0.4608433734939759
high,2034,125,MPTE,RMSE,1.2017745648920668
high,2034,125,MPTE,MAE,0.9518665787284831
high,2034,125,MPTE,DA,0.6174698795180723
high,2034,125,AR,RMSE,1.246903551414829
high,2034,125,AR,MAE,0.9912464786402172
high,2034,125,AR,DA,0.0
high,2034,125,MIDAS,RMSE,1.274045307024906
high,2034,125,MIDAS,MAE,1.021824515414735
high,2034,125,MIDAS,DA,0.572289156626506
high,2034,125,AB1,RMSE,1.2569180707197665
high,2034,125,AB1,MAE,0.9971982771536548
high,2034,125,AB1,DA,0.5692771084337349
high,2034,125,AB2,RMSE,1.301246800023738
high,2034,125,AB2,MAE,1.0427504270042443
high,2034,125,AB2,DA,0.5662650602409639
high,2034,125,AB3,RMSE,1.2368468070429735
high,2034,125,AB3,MAE,1.008193280146419
high,2034,125,AB3,DA,0.5692771084337349
high,2034,125,AB4,RMSE,1.2506652516898502
high,2034,125,AB4,MAE,0.993567650240602
high,2034,125,AB4,DA,0.5
high,2034,125,AB5,RMSE,1.2379261333778906
high,2034,125,AB5,MAE,0.9986745607391121
high,2034,125,AB5,DA,0.5
high,2035,125,MPTE,RMSE,1.4692569574928886
high,2035,125,MPTE,MAE,1.184688943213215
high,2035,125,MPTE,DA,0.5090361445783133
high,2035,125,AR,RMSE,1.57930312192989
high,2035,125,AR,MAE,1.2685396305647885
high,2035,125,AR,DA,0.04819277108433735
high,2035,125,MIDAS,RMSE,1.460310852913428
high,2035,125,MIDAS,MAE,1.1670581513157752
high,2035,125,MIDAS,DA,0.5903614457831325
high,2035,125,AB1,RMSE,1.4665044206165772
high,2035,125,AB1,MAE,1.1882299638228648
high,2035,125,AB1,DA,0.536144578313253
high,2035,125,AB2,RMSE,1.493241813041243
high,2035,125,AB2,MAE,1.2021264383790577
high,2035,125,AB2,DA,0.5692771084337349
high,2035,125,AB3,RMSE,1.5208596094650737
high,2035,125,AB3,MAE,1.2081440956508567
high,2035,125,AB3,DA,0.608433734939759
high,2035,125,AB4,RMSE,1.6141565696144609
high,2035,125,AB4,MAE,1.280389435039379
high,2035,125,AB4,DA,0.4879518072289157
high,2035,125,AB5,RMSE,1.5030001250927225
high,2035,125,AB5,MAE,1.2170111008433142
high,2035,125,AB5,DA,0.5301204819277109
high,2036,125,MPTE,RMSE,1.666801973098511
high,2036,125,MPTE,MAE,1.3701785334533576
high,2036,125,MPTE,DA,0.5843373493975904
high,2036,125,AR,RMSE,1.794097747121586
high,2036,125,AR,MAE,1.4519950038519895
high,2036,125,AR,DA,0.024096385542168676
high,2036,125,MIDAS,RMSE,1.6763512106447718
high,2036,125,MIDAS,MAE,1.352287179267603
high,2036,125,MIDAS,DA,0.6114457831325302
high,2036,125,AB1,RMSE,1.6676372420230623
high,2036,125,AB1,MAE,1.3364503053843098
high,2036,125,AB1,DA,0.5873493975903614
high,2036,125,AB2,RMSE,1.7818164808094434
high,2036,125,AB2,MAE,1.4394576643942278
high,2036,125,AB2,DA,0.463855421686747
high,2036,125,AB3,RMSE,1.7154000982113233
high,2036,125,AB3,MAE,1.3917227273836135
high,2036,125,AB3,DA,0.5903614457831325
high,2036,125,AB4,RMSE,1.7846049990252095
high,2036,125,AB4,MAE,1.440266403163464
high,2036,125,AB4,DA,0.5150602409638554
high,2036,125,AB5,RMSE,1.8004120974581919
high,2036,125,AB5,MAE,1.4621605914480589
high,2036,125,AB5,DA,0.35843373493975905
high,2037,125,MPTE,RMSE,1.1111700648174416
high,2037,125,MPTE,MAE,0.8890020398595541
high,2037,125,MPTE,DA,0.5632530120481928
high,2037,125,AR,RMSE,1.176693186920716
high,2037,125,AR,MAE,0.9355223042617481
high,2037,125,AR,DA,0.05421686746987952
high,2037,125,MIDAS,RMSE,1.1623563204224574
high,2037,125,MIDAS,MAE,0.9133686274846705
high,2037,125,MIDAS,DA,0.5692771084337349
high,2037,125,AB1,RMSE,1.1645717231733679
high,2037,125,AB1,MAE,0.9229847893258404
high,2037,125,AB1,DA,0.5542168674698795
high,2037,125,AB2,RMSE,1.134476078371445
high,2037,125,AB2,MAE,0.891450269931829
high,2037,125,AB2,DA,0.5572289156626506
high,2037,125,AB3,RMSE,1.1350856138090455
high,2037,125,AB3,MAE,0.9053222525873587
high,2037,125,AB3,DA,0.5813253012048193
high,2037,125,AB4,RMSE,1.1781733722256462
high,2037,125,AB4,MAE,0.936713592289551
high,2037,125,AB4,DA,0.4397590361445783
high,2037,125,AB5,RMSE,1.1400524631859597
high,2037,125,AB5,MAE,0.9172578100802218
high,2037,125,AB5,DA,0.5632530120481928
high,2038,125,MPTE,RMSE,1.3106052843232792
high,2038,125,MPTE,MAE,1.0412487578432255
high,2038,125,MPTE,DA,0.4367469879518072
high,2038,125,AR,RMSE,1.3082206740200133
high,2038,125,AR,MAE,1.038699660436584
high,2038,125,AR,DA,0.0391566265060241
high,2038,125,MIDAS,RMSE,1.2806497691072685
high,2038,125,MIDAS,MAE,1.0189646735990625
high,2038,125,MIDAS,DA,0.6114457831325302
high,2038,125,AB1,RMSE,1.1417466642279699
high,2038,125,AB1,MAE,0.8989014671325751
high,2038,125,AB1,DA,0.6234939759036144
high,2038,125,AB2,RMSE,1.0944837836854244
high,2038,125,AB2,MAE,0.8653750965539955
high,2038,125,AB2,DA,0.6114457831325302
high,2038,125,AB3,RMSE,1.1660401475411515
high,2038,125,AB3,MAE,0.9265970728753878
high,2038,125,AB3,DA,0.6054216867469879
high,2038,125,AB4,RMSE,1.3284405353132096
high,2038,125,AB4,MAE,1.0602539789580727
high,2038,125,AB4,DA,0.5481927710843374
high,2038,125,AB5,RMSE,1.202169945528973
high,2038,125,AB5,MAE,0.9559410592009634
high,2038,125,AB5,DA,0.5933734939759037
high,2039,125,MPTE,RMSE,1.2829647095317793
high,2039,125,MPTE,MAE,1.0167821555858239
high,2039,125,MPTE,DA,0.7439759036144579
high,2039,125,AR,RMSE,1.3936798423949233
high,2039,125,AR,MAE,1.0902883339708414
high,2039,125,AR,DA,0.4939759036144578
high,2039,125,MIDAS,RMSE,1.4163609495659886
high,2039,125,MIDAS,MAE,1.1144895303035196
high,2039,125,MIDAS,DA,0.5753012048192772
high,2039,125,AB1,RMSE,1.2731402206117313
high,2039,125,AB1,MAE,1.0017248876597082
high,2039,125,AB1,DA,0.7379518072289156
high,2039,125,AB2,RMSE,1.2662877797937533
high,2039,125,AB2,MAE,1.001094081091172
high,2039,125,AB2,DA,0.7198795180722891
high,2039,125,AB3,RMSE,1.3396136955737485
high,2039,125,AB3,MAE,1.058332070719726
high,2039,125,AB3,DA,0.6987951807228916
high,2039,125,AB4,RMSE,1.3957799929072174
high,2039,125,AB4,MAE,1.0932191202161257
high,2039,125,AB4,DA,0.6475903614457831
high,2039,125,AB5,RMSE,1.2710582864548958
high,2039,125,AB5,MAE,0.9926069402295855
high,2039,125,AB5,DA,0.713855421686747
high,2040,125,MPTE,RMSE,1.241675693101594
high,2040,125,MPTE,MAE,0.9812585330490795
high,2040,125,MPTE,DA,0.6024096385542169
high,2040,125,AR,RMSE,1.341210604660024
high,2040,125,AR,MAE,1.0917531368268385
high,2040,125,AR,DA,0.045180722891566265
high,2040,125,MIDAS,RMSE,1.2540676160901503
high,2040,125,MIDAS,MAE,1.018424646654905
high,2040,125,MIDAS,DA,0.5813253012048193
high,2040,125,AB1,RMSE,1.212243770209664
high,2040,125,AB1,MAE,0.9620505407244979
high,2040,125,AB1,DA,0.5873493975903614
high,2040,125,AB2,RMSE,1.251526243526073
high,2040,125,AB2,MAE,0.9984834942625146
high,2040,125,AB2,DA,0.5753012048192772
high,2040,125,AB3,RMSE,1.2715229996870778
high,2040,125,AB3,MAE,0.9840969471795059
high,2040,125,AB3,DA,0.5843373493975904
high,2040,125,AB4,RMSE,1.3375748724611523
high,2040,125,AB4,MAE,1.0837088081286548
high,2040,125,AB4,DA,0.4759036144578313
high,2040,125,AB5,RMSE,1.227498345018465
high,2040,125,AB5,MAE,0.9814878157568996
high,2040,125,AB5,DA,0.6174698795180723
high,2041,125,MPTE,RMSE,1.326176889554671
high,2041,125,MPTE,MAE,1.0772251608737204
high,2041,125,MPTE,DA,0.6204819277108434
high,2041,125,AR,RMSE,1.6902895033896972
high,2041,125,AR,MAE,1.3344061609981375
high,2041,125,AR,DA,0.06927710843373494
high,2041,125,MIDAS,RMSE,1.3576781379544174
high,2041,125,MIDAS,MAE,1.0964725940420215
high,2041,125,MIDAS,DA,0.608433734939759
high,2041,125,AB1,RMSE,1.3931580084907886
high,2041,125,AB1,MAE,1.1451819178199603
high,2041,125,AB1,DA,0.5512048192771084
high,2041,125,AB2,RMSE,1.2836467365664888
high,2041,125,AB2,MAE,1.0419669146416144
high,2041,125,AB2,DA,0.5813253012048193
high,2041,125,AB3,RMSE,1.478919761336328
high,2041,125,AB3,MAE,1.2118786722489783
high,2041,125,AB3,DA,0.5692771084337349
high,2041,125,AB4,RMSE,1.6112793703028412
high,2041,125,AB4,MAE,1.2690408323971958
high,2041,125,AB4,DA,0.5090361445783133
high,2041,125,AB5,RMSE,1.3432194139138314
high,2041,125,AB5,MAE,1.0745589535677997
high,2041,125,AB5,DA,0.5421686746987951
high,2042,125,MPTE,RMSE,1.203407601838122
high,2042,125,MPTE,MAE,0.9676540959912439
high,2042,125,MPTE,DA,0.5783132530120482
high,2042,125,AR,RMSE,1.2925133154937507
high,2042,125,AR,MAE,1.0433218052492428
high,2042,125,AR,DA,0.02108433734939759
high,2042,125,MIDAS,RMSE,1.3352835963899143
high,2042,125,MIDAS,MAE,1.0776220982282398
high,2042,125,MIDAS,DA,0.5421686746987951
high,2042,125,AB1,RMSE,1.2331247478865115
high,2042,125,AB1,MAE,1.0060121876368093
high,2042,125,AB1,DA,0.608433734939759
high,2042,125,AB2,RMSE,1.2384403147965575
high,2042,125,AB2,MAE,0.9937449076358483
high,2042,125,AB2,DA,0.5481927710843374
high,2042,125,AB3,RMSE,1.2662208990187809
high,2042,125,AB3,MAE,1.0143155059279096
high,2042,125,AB3,DA,0.5903614457831325
high,2042,125,AB4,RMSE,1.288840903117242
high,2042,125,AB4,MAE,1.0412992451178258
high,2042,125,AB4,DA,0.5572289156626506
high,2042,125,AB5,RMSE,1.213743548686626
high,2042,125,AB5,MAE,0.9964373799513687
high,2042,125,AB5,DA,0.6114457831325302
high,2043,125,MPTE,RMSE,0.9882576968007781
high,2043,125,MPTE,MAE,0.7766744350492122
high,2043,125,MPTE,DA,0.5391566265060241
high,2043,125,AR,RMSE,1.0280227118686895
high,2043,125,AR,MAE,0.8141517612299513
high,2043,125,AR,DA,0.018072289156626505
high,2043,125,MIDAS,RMSE,1.0642831148946723
high,2043,125,MIDAS,MAE,0.8434829328897258
high,2043,125,MIDAS,DA,0.46987951807228917
high,2043,125,AB1,RMSE,0.9908600133924507
high,2043,125,AB1,MAE,0.7833935521583847
high,2043,125,AB1,DA,0.5451807228915663
high,2043,125,AB2,RMSE,1.0130972397488203
high,2043,125,AB2,MAE,0.8165755785486878
high,2043,125,AB2,DA,0.48493975903614456
high,2043,125,AB3,RMSE,0.9848161263220759
high,2043,125,AB3,MAE,0.7790174058372548
high,2043,125,AB3,DA,0.5542168674698795
high,2043,125,AB4,RMSE,1.0604921319913407
high,2043,125,AB4,MAE,0.8579933802657201
high,2043,125,AB4,DA,0.49096385542168675
high,2043,125,AB5,RMSE,1.0479663471537228
high,2043,125,AB5,MAE,0.8386565726974134
high,2043,125,AB5,DA,0.5090361445783133
high,2044,125,MPTE,RMSE,1.8273076964990977
high,2044,125,MPTE,MAE,1.4765605892968394
high,2044,125,MPTE,DA,0.5331325301204819
high,2044,125,AR,RMSE,1.8260809336415516
high,2044,125,AR,MAE,1.4739487114583076
high,2044,125,AR,DA,0.03614457831325301
high,2044,125,MIDAS,RMSE,1.6967365519829987
high,2044,125,MIDAS,MAE,1.3245352309199532
high,2044,125,MIDAS,DA,0.5993975903614458
high,2044,125,AB1,RMSE,1.7330259447066698
high,2044,125,AB1,MAE,1.3801949290367541
high,2044,125,AB1,DA,0.5542168674698795
high,2044,125,AB2,RMSE,1.755843970015369
high,2044,125,AB2,MAE,1.4114948861897
high,2044,125,AB2,DA,0.5512048192771084
high,2044,125,AB3,RMSE,1.7080708383933905
high,2044,125,AB3,MAE,1.3511417571449034
high,2044,125,AB3,DA,0.5993975903614458
high,2044,125,AB4,RMSE,1.8103588650821907
high,2044,125,AB4,MAE,1.4610244356407742
high,2044,125,AB4,DA,0.5030120481927711
high,2044,125,AB5,RMSE,1.759108596017535
high,2044,125,AB5,MAE,1.3948241473294578
high,2044,125,AB5,DA,0.5993975903614458
high,2045,125,MPTE,RMSE,1.6069668250952096
high,2045,125,MPTE,MAE,1.3023787768323865
high,2045,125,MPTE,DA,0.5060240963855421
high,2045,125,AR,RMSE,1.6074629481541785
high,2045,125,AR,MAE,1.3017933122487382
high,2045,125,AR,DA,0.04819277108433735
high,2045,125,MIDAS,RMSE,1.5760883543191382
high,2045,125,MIDAS,MAE,1.274146691493573
high,2045,125,MIDAS,DA,0.6234939759036144
high,2045,125,AB1,RMSE,1.545537776034981
high,2045,125,AB1,MAE,1.266615186029327
high,2045,125,AB1,DA,0.6716867469879518
high,2045,125,AB2,RMSE,1.5302738038709627
high,2045,125,AB2,MAE,1.2298479582824218
high,2045,125,AB2,DA,0.6897590361445783
high,2045,125,AB3,RMSE,1.5958515561969888
high,2045,125,AB3,MAE,1.3016624407030457
high,2045,125,AB3,DA,0.6475903614457831
high,2045,125,AB4,RMSE,1.600694544979345
high,2045,125,AB4,MAE,1.2919533762181714
high,2045,125,AB4,DA,0.5331325301204819
high,2045,125,AB5,RMSE,1.6419701434873366
high,2045,125,AB5,MAE,1.3164809773211659
high,2045,125,AB5,DA,0.641566265060241
high,2046,125,MPTE,RMSE,1.0542254478227582
high,2046,125,MPTE,MAE,0.8482917890364408
high,2046,125,MPTE,DA,0.608433734939759
high,2046,125,AR,RMSE,1.1413965255936762
high,2046,125,AR,MAE,0.915878560065223
high,2046,125,AR,DA,0.02108433734939759
high,2046,125,MIDAS,RMSE,1.1855688505710718
high,2046,125,MIDAS,MAE,0.9432563879917806
high,2046,125,MIDAS,DA,0.5602409638554217
high,2046,125,AB1,RMSE,1.0823636136243162
high,2046,125,AB1,MAE,0.8672136736354821
high,2046,125,AB1,DA,0.5963855421686747
high,2046,125,AB2,RMSE,1.073599157004527
high,2046,125,AB2,MAE,0.8568823064366721
high,2046,125,AB2,DA,0.6475903614457831
high,2046,125,AB3,RMSE,1.0889138472220834
high,2046,125,AB3,MAE,0.8666249464404042
high,2046,125,AB3,DA,0.6385542168674698
high,2046,125,AB4,RMSE,1.1136736437127261
high,2046,125,AB4,MAE,0.8871841700362846
high,2046,125,AB4,DA,0.5873493975903614
high,2046,125,AB5,RMSE,1.0661636769121112
high,2046,125,AB5,MAE,0.8538723988369312
high,2046,125,AB5,DA,0.6174698795180723
high,2047,125,MPTE,RMSE,1.1249072223730903
high,2047,125,MPTE,MAE,0.8784968573789105
high,2047,125,MPTE,DA,0.6234939759036144
high,2047,125,AR,RMSE,1.1721467433164328
high,2047,125,AR,MAE,0.913285257855984
high,2047,125,AR,DA,0.024096385542168676
high,2047,125,MIDAS,RMSE,1.2091676374568094
high,2047,125,MIDAS,MAE,0.9517068535333257
high,2047,125,MIDAS,DA,0.5090361445783133
high,2047,125,AB1,RMSE,1.1726780482967867
high,2047,125,AB1,MAE,0.9138996647123857
high,2047,125,AB1,DA,0.5
high,2047,125,AB2,RMSE,1.1074234562904846
high,2047,125,AB2,MAE,0.8680717300091814
high,2047,125,AB2,DA,0.5602409638554217
high,2047,125,AB3,RMSE,1.1927707477165936
high,2047,125,AB3,MAE,0.954417546955919
high,2047,125,AB3,DA,0.5843373493975904
high,2047,125,AB4,RMSE,1.171153026235041
high,2047,125,AB4,MAE,0.9119023687537634
high,2047,125,AB4,DA,0.5692771084337349
high,2047,125,AB5,RMSE,1.1166387325140275
high,2047,125,AB5,MAE,0.8685440539397098
high,2047,125,AB5,DA,0.6445783132530121
high,2048,125,MPTE,RMSE,1.249951778309233
high,2048,125,MPTE,MAE,1.006826201858755
high,2048,125,MPTE,DA,0.5632530120481928
high,2048,125,AR,RMSE,1.244716785953614
high,2048,125,AR,MAE,0.9870607339017246
high,2048,125,AR,DA,0.02108433734939759
high,2048,125,MIDAS,RMSE,1.2867756527922187
high,2048,125,MIDAS,MAE,1.036961823436963
high,2048,125,MIDAS,DA,0.5150602409638554
high,2048,125,AB1,RMSE,1.248225059324472
high,2048,125,AB1,MAE,1.0038628912774608
high,2048,125,AB1,DA,0.5150602409638554
high,2048,125,AB2,RMSE,1.2546264817157606
high,2048,125,AB2,MAE,1.0069543017200235
high,2048,125,AB2,DA,0.5271084337349398
high,2048,125,AB3,RMSE,1.271930993634671
high,2048,125,AB3,MAE,1.021739876312749
high,2048,125,AB3,DA,0.5060240963855421
high,2048,125,AB4,RMSE,1.244658828850942
high,2048,125,AB4,MAE,0.9866709315821609
high,2048,125,AB4,DA,0.5240963855421686
high,2048,125,AB5,RMSE,1.1760938451484564
high,2048,125,AB5,MAE,0.9367375035365744
high,2048,125,AB5,DA,0.6807228915662651
high,2049,125,MPTE,RMSE,1.20038142517154
high,2049,125,MPTE,MAE,0.9526695103767332
high,2049,125,MPTE,DA,0.5
high,2049,125,AR,RMSE,1.4446045888243348
high,2049,125,AR,MAE,1.1797173103768537
high,2049,125,AR,DA,0.06626506024096386
high,2049,125,MIDAS,RMSE,1.3514726725157098
high,2049,125,MIDAS,MAE,1.0762400186622463
high,2049,125,MIDAS,DA,0.463855421686747
high,2049,125,AB1,RMSE,1.4064986463423852
high,2049,125,AB1,MAE,1.0997927604854887
high,2049,125,AB1,DA,0.5632530120481928
high,2049,125,AB2,RMSE,1.2433917294763897
high,2049,125,AB2,MAE,0.9898087914901262
high,2049,125,AB2,DA,0.463855421686747
high,2049,125,AB3,RMSE,1.2761451921964937
high,2049,125,AB3,MAE,0.9983539115732273
high,2049,125,AB3,DA,0.4789156626506024
high,2049,125,AB4,RMSE,1.48695209199719
high,2049,125,AB4,MAE,1.2185246699283916
high,2049,125,AB4,DA,0.41566265060240964
high,2049,125,AB5,RMSE,1.2331466815984318
high,2049,125,AB5,MAE,0.9821483003667486
high,2049,125,AB5,DA,0.45180722891566266
high,2050,125,MPTE,RMSE,1.3664093891393503
high,2050,125,MPTE,MAE,1.1123465444433829
high,2050,125,MPTE,DA,0.7771084337349398
high,2050,125,AR,RMSE,1.8811883178139601
high,2050,125,AR,MAE,1.521162778386886
high,2050,125,AR,DA,0.1144578313253012
high,2050,125,MIDAS,RMSE,1.369427886904343
high,2050,125,MIDAS,MAE,1.095469958506211
high,2050,125,MIDAS,DA,0.7801204819277109
high,2050,125,AB1,RMSE,1.5141642864629963
high,2050,125,AB1,MAE,1.1625652856760573
high,2050,125,AB1,DA,0.7620481927710844
high,2050,125,AB2,RMSE,1.4874079233202069
high,2050,125,AB2,MAE,1.1919952906341869
high,2050,125,AB2,DA,0.786144578313253
high,2050,125,AB3,RMSE,1.4463395424208456
high,2050,125,AB3,MAE,1.1606869899208343
high,2050,125,AB3,DA,0.7680722891566265
high,2050,125,AB4,RMSE,1.8660073487903006
high,2050,125,AB4,MAE,1.5052037645000573
high,2050,125,AB4,DA,0.5180722891566265
high,2050,125,AB5,RMSE,1.5621773528044993
high,2050,125,AB5,MAE,1.2188442428378419
high,2050,125,AB5,DA,0.7439759036144579
high,2051,125,AB2,RMSE,1.0907559116373777
high,2051,125,AB2,MAE,0.8886092096278743
high,2051,125,AB2,DA,0.4939759036144578
high,2051,125,AB4,RMSE,1.0833262251687892
high,2051,125,AB4,MAE,0.8808683657165927
high,2051,125,AB4,DA,0.5873493975903614
high,2051,125,AB5,RMSE,1.0103082065533915
high,2051,125,AB5,MAE,0.8037598662318585
high,2051,125,AB5,DA,0.5240963855421686
high,2052,125,MPTE,RMSE,1.1505824447959356
high,2052,125,MPTE,MAE,0.9299485114202531
high,2052,125,MPTE,DA,0.5481927710843374
high,2052,125,AR,RMSE,1.1496269777445376
high,2052,125,AR,MAE,0.9309905113281887
high,2052,125,AR,DA,0.018072289156626505
high,2052,125,MIDAS,RMSE,1.1482371066151147
high,2052,125,MIDAS,MAE,0.9281200687016941
high,2052,125,MIDAS,DA,0.5602409638554217
high,2052,125,AB1,RMSE,1.1093918415022876
high,2052,125,AB1,MAE,0.8984906503150939
high,2052,125,AB1,DA,0.5783132530120482
high,2052,125,AB2,RMSE,1.0725822385199864
high,2052,125,AB2,MAE,0.8598447284240921
high,2052,125,AB2,DA,0.6265060240963856
high,2052,125,AB3,RMSE,1.0932664665426592
high,2052,125,AB3,MAE,0.8745496055091151
high,2052,125,AB3,DA,0.6807228915662651
high,2052,125,AB4,RMSE,1.1480913889763416
high,2052,125,AB4,MAE,0.9291597203550835
high,2052,125,AB4,DA,0.5150602409638554
high,2052,125,AB5,RMSE,1.0892376263687649
high,2052,125,AB5,MAE,0.8852377382403364
high,2052,125,AB5,DA,0.6355421686746988
high,2053,125,MPTE,RMSE,1.0395372632480913
high,2053,125,MPTE,MAE,0.8333606587051159
high,2053,125,MPTE,DA,0.6927710843373494
high,2053,125,AR,RMSE,1.2728267116960101
high,2053,125,AR,MAE,1.0051642052349903
high,2053,125,AR,DA,0.05120481927710843
high,2053,125,MIDAS,RMSE,1.197257948441508
high,2053,125,MIDAS,MAE,0.9326372694476924
high,2053,125,MIDAS,DA,0.6265060240963856
high,2053,125,AB1,RMSE,1.1173019735000147
high,2053,125,AB1,MAE,0.9013258124247657
high,2053,125,AB1,DA,0.7078313253012049
high,2053,125,AB2,RMSE,1.1160332238309725
high,2053,125,AB2,MAE,0.8737247745377492
high,2053,125,AB2,DA,0.6867469879518072
high,2053,125,AB3,RMSE,1.1283706258448245
high,2053,125,AB3,MAE,0.9209381230593255
high,2053,125,AB3,DA,0.6987951807228916
high,2053,125,AB4,RMSE,1.2670839084031615
high,2053,125,AB4,MAE,1.0026625347976812
high,2053,125,AB4,DA,0.5391566265060241
high,2053,125,AB5,RMSE,1.178794054983709
high,2053,125,AB5,MAE,0.9438772776680487
high,2053,125,AB5,DA,0.6686746987951807
high,2054,125,MPTE,RMSE,1.4879342193076197
high,2054,125,MPTE,MAE,1.1949238705255008
high,2054,125,MPTE,DA,0.6987951807228916
high,2054,125,AR,RMSE,1.5698161370613428
high,2054,125,AR,MAE,1.2509869738005974
high,2054,125,AR,DA,0.03313253012048193
high,2054,125,MIDAS,RMSE,1.5193185603780326
high,2054,125,MIDAS,MAE,1.209510978572986
high,2054,125,MIDAS,DA,0.6054216867469879
high,2054,125,AB1,RMSE,1.447508263732342
high,2054,125,AB1,MAE,1.1486162235825863
high,2054,125,AB1,DA,0.6927710843373494
high,2054,125,AB2,RMSE,1.5199601620810592
high,2054,125,AB2,MAE,1.211313034184412
high,2054,125,AB2,DA,0.6807228915662651
high,2054,125,AB3,RMSE,1.4779062277273527
high,2054,125,AB3,MAE,1.1771715196825112
high,2054,125,AB3,DA,0.6746987951807228
high,2054,125,AB4,RMSE,1.5691216334291005
high,2054,125,AB4,MAE,1.2407377623495761
high,2054,125,AB4,DA,0.5843373493975904
high,2054,125,AB5,RMSE,1.475938965424274
high,2054,125,AB5,MAE,1.183714550666358
high,2054,125,AB5,DA,0.6867469879518072
high,2055,125,MPTE,RMSE,1.2767926177382525
high,2055,125,MPTE,MAE,1.0350556500875239
high,2055,125,MPTE,DA,0.6566265060240963
high,2055,125,AR,RMSE,1.406914756259668
high,2055,125,AR,MAE,1.1373108325767616
high,2055,125,AR,DA,0.06626506024096386
high,2055,125,MIDAS,RMSE,1.3779417031335583
high,2055,125,MIDAS,MAE,1.1036290892348801
high,2055,125,MIDAS,DA,0.5692771084337349
high,2055,125,AB1,RMSE,1.3008155487083846
high,2055,125,AB1,MAE,1.042757977044716
high,2055,125,AB1,DA,0.6295180722891566
high,2055,125,AB2,RMSE,1.3304031405737553
high,2055,125,AB2,MAE,1.0797301291431438
high,2055,125,AB2,DA,0.6445783132530121
high,2055,125,AB3,RMSE,1.316390477319415
high,2055,125,AB3,MAE,1.063015688444753
high,2055,125,AB3,DA,0.5753012048192772
high,2055,125,AB4,RMSE,1.4049916803024634
high,2055,125,AB4,MAE,1.142009518659169
high,2055,125,AB4,DA,0.48493975903614456
high,2055,125,AB5,RMSE,1.3301001522725464
high,2055,125,AB5,MAE,1.0798001201674563
high,2055,125,AB5,DA,0.5783132530120482
high,2056,125,MPTE,RMSE,1.0925231955007184
high,2056,125,MPTE,MAE,0.8718475117711161
high,2056,125,MPTE,DA,0.6325301204819277
high,2056,125,AR,RMSE,1.2705283777791134
high,2056,125,AR,MAE,1.0022200102033518
high,2056,125,AR,DA,0.024096385542168676
high,2056,125,MIDAS,RMSE,1.19003374657155
high,2056,125,MIDAS,MAE,0.9237466772656339
high,2056,125,MIDAS,DA,0.6054216867469879
high,2056,125,AB1,RMSE,1.2873658666849397
high,2056,125,AB1,MAE,1.0319881699122369
high,2056,125,AB1,DA,0.6204819277108434
high,2056,125,AB2,RMSE,1.2563079886471122
high,2056,125,AB2,MAE,0.9911764004064525
high,2056,125,AB2,DA,0.5120481927710844
high,2056,125,AB3,RMSE,1.2042963776185371
high,2056,125,AB3,MAE,0.9752130693833673
high,2056,125,AB3,DA,0.5813253012048193
high,2056,125,AB4,RMSE,1.26837098931734
high,2056,125,AB4,MAE,0.9981057874539575
high,2056,125,AB4,DA,0.45481927710843373
high,2056,125,AB5,RMSE,1.1426116415177923
high,2056,125,AB5,MAE,0.9088803449286517
high,2056,125,AB5,DA,0.6385542168674698
high,2057,125,MPTE,RMSE,1.3995128894663091
high,2057,125,MPTE,MAE,1.1326256472461045
high,2057,125,MPTE,DA,0.6837349397590361
high,2057,125,AR,RMSE,1.621071875911927
high,2057,125,AR,MAE,1.316966720696386
high,2057,125,AR,DA,0.030120481927710843
high,2057,125,MIDAS,RMSE,1.5311715765489513
high,2057,125,MIDAS,MAE,1.2002871897646203
high,2057,125,MIDAS,DA,0.6174698795180723
high,2057,125,AB1,RMSE,1.4674163007715135
high,2057,125,AB1,MAE,1.1883064837910728
high,2057,125,AB1,DA,0.6716867469879518
high,2057,125,AB2,RMSE,1.4247428117557095
high,2057,125,AB2,MAE,1.144658335052896
high,2057,125,AB2,DA,0.6987951807228916
high,2057,125,AB3,RMSE,1.5278930848049086
high,2057,125,AB3,MAE,1.2304345419070293
high,2057,125,AB3,DA,0.6596385542168675
high,2057,125,AB4,RMSE,1.622511242428495
high,2057,125,AB4,MAE,1.3182160819702147
high,2057,125,AB4,DA,0.5753012048192772
high,2057,125,AB5,RMSE,1.4287735597305968
high,2057,125,AB5,MAE,1.1522451645689042
high,2057,125,AB5,DA,0.6957831325301205
high,2058,125,MPTE,RMSE,1.1593468019511084
high,2058,125,MPTE,MAE,0.9115804608763118
high,2058,125,MPTE,DA,0.6837349397590361
high,2058,125,AR,RMSE,1.203665468471031
high,2058,125,AR,MAE,0.943460660404991
high,2058,125,AR,DA,0.05120481927710843
high,2058,125,MIDAS,RMSE,1.2008784457335577
high,2058,125,MIDAS,MAE,0.9482853228005639
high,2058,125,MIDAS,DA,0.5933734939759037
high,2058,125,AB1,RMSE,1.176150363649034
high,2058,125,AB1,MAE,0.903185250409845
high,2058,125,AB1,DA,0.5783132530120482
high,2058,125,AB2,RMSE,1.156374047716883
high,2058,125,AB2,MAE,0.9151498006509843
high,2058,125,AB2,DA,0.6385542168674698
high,2058,125,AB3,RMSE,1.2536147470742274
high,2058,125,AB3,MAE,0.9922438592943319
high,2058,125,AB3,DA,0.6475903614457831
high,2058,125,AB4,RMSE,1.2111844504064686
high,2058,125,AB4,MAE,0.9548576086521812
high,2058,125,AB4,DA,0.5391566265060241
high,2058,125,AB5,RMSE,1.1676564261873426
high,2058,125,AB5,MAE,0.9216526531078472
high,2058,125,AB5,DA,0.6837349397590361
high,2059,125,MPTE,RMSE,1.2758983138922573
high,2059,125,MPTE,MAE,0.981464129810338
high,2059,125,MPTE,DA,0.6054216867469879
high,2059,125,AR,RMSE,1.4641214710558335
high,2059,125,AR,MAE,1.116652420680262
high,2059,125,AR,DA,0.06626506024096386
high,2059,125,MIDAS,RMSE,1.2889915935220235
high,2059,125,MIDAS,MAE,1.0056236214169514
high,2059,125,MIDAS,DA,0.5933734939759037
high,2059,125,AB1,RMSE,1.3135232394744036
high,2059,125,AB1,MAE,1.011772076651951
high,2059,125,AB1,DA,0.6265060240963856
high,2059,125,AB2,RMSE,1.2546557676558536
high,2059,125,AB2,MAE,0.9457533908955084
high,2059,125,AB2,DA,0.6506024096385542
high,2059,125,AB3,RMSE,1.2611554864520804
high,2059,125,AB3,MAE,0.9814476031523474
high,2059,125,AB3,DA,0.6385542168674698
high,2059,125,AB4,RMSE,1.4245385332228824
high,2059,125,AB4,MAE,1.0802031155396454
high,2059,125,AB4,DA,0.49698795180722893
high,2059,125,AB5,RMSE,1.360355755217024
high,2059,125,AB5,MAE,0.9996656603991081
high,2059,125,AB5,DA,0.5873493975903614
high,2060,125,MPTE,RMSE,1.7825043375208718
high,2060,125,MPTE,MAE,1.4149914570255053
high,2060,125,MPTE,DA,0.6325301204819277
high,2060,125,AR,RMSE,1.9377908289030077
high,2060,125,AR,MAE,1.5774848946101898
high,2060,125,AR,DA,0.0
high,2060,125,MIDAS,RMSE,1.8043570354363445
high,2060,125,MIDAS,MAE,1.4601634966418766
high,2060,125,MIDAS,DA,0.5692771084337349
high,2060,125,AB1,RMSE,1.8065870228165575
high,2060,125,AB1,MAE,1.4448158897007126
high,2060,125,AB1,DA,0.5783132530120482
high,2060,125,AB2,RMSE,1.7505092182204929
high,2060,125,AB2,MAE,1.4154143626360014
high,2060,125,AB2,DA,0.5813253012048193
high,2060,125,AB3,RMSE,1.7881867956931683
high,2060,125,AB3,MAE,1.408855993556671
high,2060,125,AB3,DA,0.5873493975903614
high,2060,125,AB4,RMSE,1.9489330845894932
high,2060,125,AB4,MAE,1.5861805144761705
high,2060,125,AB4,DA,0.4879518072289157
high,2060,125,AB5,RMSE,1.8122917663528901
high,2060,125,AB5,MAE,1.4724685533460358
high,2060,125,AB5,DA,0.5963855421686747
high,2061,125,MPTE,RMSE,1.1176991547993183
high,2061,125,MPTE,MAE,0.8917940862055909
high,2061,125,MPTE,DA,0.6897590361445783
high,2061,125,AR,RMSE,1.457711657122351
high,2061,125,AR,MAE,1.1354547015096694
high,2061,125,AR,DA,0.02108433734939759
high,2061,125,MIDAS,RMSE,1.4075139989886634
high,2061,125,MIDAS,MAE,1.1192007838101288
high,2061,125,MIDAS,DA,0.572289156626506
high,2061,125,AB1,RMSE,1.142781581107218
high,2061,125,AB1,MAE,0.9108497560902485
high,2061,125,AB1,DA,0.6837349397590361
high,2061,125,AB2,RMSE,1.2557553851433507
high,2061,125,AB2,MAE,0.9723428532595065
high,2061,125,AB2,DA,0.7289156626506024
high,2061,125,AB3,RMSE,1.2167306475189743
high,2061,125,AB3,MAE,0.9534949560025601
high,2061,125,AB3,DA,0.7259036144578314
high,2061,125,AB4,RMSE,1.4572309800981331
high,2061,125,AB4,MAE,1.1349175430398837
high,2061,125,AB4,DA,0.46987951807228917
high,2061,125,AB5,RMSE,1.1155572425522358
high,2061,125,AB5,MAE,0.8897990080692154
high,2061,125,AB5,DA,0.6656626506024096
high,2062,125,MPTE,RMSE,1.2281641567357855
high,2062,125,MPTE,MAE,0.9417663358496304
high,2062,125,MPTE,DA,0.5391566265060241
high,2062,125,AR,RMSE,1.34860933558444
high,2062,125,AR,MAE,1.055020654534555
high,2062,125,AR,DA,0.045180722891566265
high,2062,125,MIDAS,RMSE,1.2844008903347754
high,2062,125,MIDAS,MAE,1.0203143231943055
high,2062,125,MIDAS,DA,0.5512048192771084
high,2062,125,AB1,RMSE,1.4125066405689357
high,2062,125,AB1,MAE,1.1048745701025693
high,2062,125,AB1,DA,0.5391566265060241
high,2062,125,AB2,RMSE,1.3041433122792028
high,2062,125,AB2,MAE,1.0088325738312334
high,2062,125,AB2,DA,0.5240963855421686
high,2062,125,AB3,RMSE,1.2798173528749879
high,2062,125,AB3,MAE,1.0071003533293605
high,2062,125,AB3,DA,0.5451807228915663
high,2062,125,AB4,RMSE,1.348536116350046
high,2062,125,AB4,MAE,1.0572870205327105
high,2062,125,AB4,DA,0.4578313253012048
high,2062,125,AB5,RMSE,1.2758915332720129
high,2062,125,AB5,MAE,0.9913085091629801
high,2062,125,AB5,DA,0.5060240963855421
high,2063,125,MPTE,RMSE,1.1827413855032098
high,2063,125,MPTE,MAE,0.942845774429318
high,2063,125,MPTE,DA,0.6596385542168675
high,2063,125,AR,RMSE,1.3573998322013578
high,2063,125,AR,MAE,1.1111258036059455
high,2063,125,AR,DA,0.46987951807228917
high,2063,125,MIDAS,RMSE,1.2368549459091325
high,2063,125,MIDAS,MAE,0.9841687833680997
high,2063,125,MIDAS,DA,0.5993975903614458
high,2063,125,AB1,RMSE,1.3112089442645183
high,2063,125,AB1,MAE,1.026954535420436
high,2063,125,AB1,DA,0.641566265060241
high,2063,125,AB2,RMSE,1.1939149936998463
high,2063,125,AB2,MAE,0.9517760984100092
high,2063,125,AB2,DA,0.6445783132530121
high,2063,125,AB3,RMSE,1.1575988378750732
high,2063,125,AB3,MAE,0.9184286848480333
high,2063,125,AB3,DA,0.6837349397590361
high,2063,125,AB4,RMSE,1.359089141893693
high,2063,125,AB4,MAE,1.1093583955439728
high,2063,125,AB4,DA,0.6204819277108434
high,2063,125,AB5,RMSE,1.2809689334707206
high,2063,125,AB5,MAE,1.0336218755815967
high,2063,125,AB5,DA,0.6325301204819277
high,2064,125,MPTE,RMSE,1.8634238024735261
high,2064,125,MPTE,MAE,1.527267612972054
high,2064,125,MPTE,DA,0.6536144578313253
high,2064,125,AR,RMSE,2.2050078473908883
high,2064,125,AR,MAE,1.848611582975053
high,2064,125,AR,DA,0.10240963855421686
high,2064,125,MIDAS,RMSE,1.8142441697847096
high,2064,125,MIDAS,MAE,1.4912138996865258
high,2064,125,MIDAS,DA,0.6837349397590361
high,2064,125,AB1,RMSE,1.898681646172158
high,2064,125,AB1,MAE,1.5316634667553453
high,2064,125,AB1,DA,0.6626506024096386
high,2064,125,AB2,RMSE,1.830788485699035
high,2064,125,AB2,MAE,1.4834520993129954
high,2064,125,AB2,DA,0.6716867469879518
high,2064,125,AB3,RMSE,1.8591853317336675
high,2064,125,AB3,MAE,1.4938870527749066
high,2064,125,AB3,DA,0.6686746987951807
high,2064,125,AB4,RMSE,2.2018072057192586
high,2064,125,AB4,MAE,1.8383144031005187
high,2064,125,AB4,DA,0.41566265060240964
high,2064,125,AB5,RMSE,1.8927947214357799
high,2064,125,AB5,MAE,1.555275707581879
high,2064,125,AB5,DA,0.6506024096385542
high,2065,125,MPTE,RMSE,1.320251242644906
high,2065,125,MPTE,MAE,1.0456111193615867
high,2065,125,MPTE,DA,0.7319277108433735
high,2065,125,AR,RMSE,1.5967534292364634
high,2065,125,AR,MAE,1.2693910709614824
high,2065,125,AR,DA,0.08132530120481928
high,2065,125,MIDAS,RMSE,1.364608841892391
high,2065,125,MIDAS,MAE,1.091623784795486
high,2065,125,MIDAS,DA,0.7108433734939759
high,2065,125,AB1,RMSE,1.3778996329443047
high,2065,125,AB1,MAE,1.0869010926829654
high,2065,125,AB1,DA,0.6927710843373494
high,2065,125,AB2,RMSE,1.3678818691832981
high,2065,125,AB2,MAE,1.0916428853082862
high,2065,125,AB2,DA,0.6807228915662651
high,2065,125,AB3,RMSE,1.3249517203187369
high,2065,125,AB3,MAE,1.0669234901015616
high,2065,125,AB3,DA,0.6927710843373494
high,2065,125,AB4,RMSE,1.5875941185259341
high,2065,125,AB4,MAE,1.2639192201957088
high,2065,125,AB4,DA,0.5481927710843374
high,2065,125,AB5,RMSE,1.5602495027064518
high,2065,125,AB5,MAE,1.2442210139747976
high,2065,125,AB5,DA,0.6295180722891566
high,2066,125,MPTE,RMSE,1.2683825848987318
high,2066,125,MPTE,MAE,1.0109725858735432
high,2066,125,MPTE,DA,0.6686746987951807
high,2066,125,AR,RMSE,1.485162701220388
high,2066,125,AR,MAE,1.1579442298053386
high,2066,125,AR,DA,0.03313253012048193
high,2066,125,MIDAS,RMSE,1.4416691717832606
high,2066,125,MIDAS,MAE,1.1597326573698326
high,2066,125,MIDAS,DA,0.5632530120481928
high,2066,125,AB2,RMSE,1.3121836875999457
high,2066,125,AB2,MAE,1.0542263176606583
high,2066,125,AB2,DA,0.6716867469879518
high,2066,125,AB4,RMSE,1.4999721259147705
high,2066,125,AB4,MAE,1.180670770590825
high,2066,125,AB4,DA,0.48493975903614456
high,2066,125,AB5,RMSE,1.3440294252797897
high,2066,125,AB5,MAE,1.0502143812633857
high,2066,125,AB5,DA,0.6566265060240963
high,2067,125,MPTE,RMSE,1.5070003488057075
high,2067,125,MPTE,MAE,1.2347970976699563
high,2067,125,MPTE,DA,0.45180722891566266
high,2067,125,AR,RMSE,1.5063621550593838
high,2067,125,AR,MAE,1.234717393703324
high,2067,125,AR,DA,0.5240963855421686
high,2067,125,MIDAS,RMSE,1.4096701137528704
high,2067,125,MIDAS,MAE,1.1264462618538325
high,2067,125,MIDAS,DA,0.677710843373494
high,2067,125,AB1,RMSE,1.3689432224070297
high,2067,125,AB1,MAE,1.0973273835117001
high,2067,125,AB1,DA,0.7439759036144579
high,2067,125,AB2,RMSE,1.340558128481552
high,2067,125,AB2,MAE,1.0828160584774296
high,2067,125,AB2,DA,0.6987951807228916
high,2067,125,AB3,RMSE,1.3586467400111835
high,2067,125,AB3,MAE,1.095776228531935
high,2067,125,AB3,DA,0.75
high,2067,125,AB4,RMSE,1.5208023302455425
high,2067,125,AB4,MAE,1.244874399100427
high,2067,125,AB4,DA,0.6265060240963856
high,2067,125,AB5,RMSE,1.4591756293196119
high,2067,125,AB5,MAE,1.1987362585336216
high,2067,125,AB5,DA,0.6174698795180723
high,2068,125,MPTE,RMSE,1.6150078667761791
high,2068,125,MPTE,MAE,1.3140575109890484
high,2068,125,MPTE,DA,0.6807228915662651
high,2068,125,AR,RMSE,1.8575048792720295
high,2068,125,AR,MAE,1.5114340792948393
high,2068,125,AR,DA,0.09337349397590361
high,2068,125,MIDAS,RMSE,1.6805270966625283
high,2068,125,MIDAS,MAE,1.3499869112470375
high,2068,125,MIDAS,DA,0.5783132530120482
high,2068,125,AB1,RMSE,1.537736985938876
high,2068,125,AB1,MAE,1.260370416326054
high,2068,125,AB1,DA,0.6686746987951807
high,2068,125,AB2,RMSE,1.6050834322988698
high,2068,125,AB2,MAE,1.3085343908336962
high,2068,125,AB2,DA,0.6445783132530121
high,2068,125,AB3,RMSE,1.5771496883720804
high,2068,125,AB3,MAE,1.2999500940847486
high,2068,125,AB3,DA,0.6837349397590361
high,2068,125,AB4,RMSE,1.7604855130002326
high,2068,125,AB4,MAE,1.4235672773642443
high,2068,125,AB4,DA,0.5451807228915663
high,2068,125,AB5,RMSE,1.5389639670288624
high,2068,125,AB5,MAE,1.2663685957231603
high,2068,125,AB5,DA,0.6596385542168675
high,2069,125,MPTE,RMSE,1.21420252164975
high,2069,125,MPTE,MAE,0.9724861135519919
high,2069,125,MPTE,DA,0.47289156626506024
high,2069,125,AR,RMSE,1.3714466810721901
high,2069,125,AR,MAE,1.078086982647007
high,2069,125,AR,DA,0.030120481927710843
high,2069,125,MIDAS,RMSE,1.3017713628186516
high,2069,125,MIDAS,MAE,1.051329164283508
high,2069,125,MIDAS,DA,0.536144578313253
high,2069,125,AB1,RMSE,1.2341541289211901
high,2069,125,AB1,MAE,0.98910298607241
high,2069,125,AB1,DA,0.5240963855421686
high,2069,125,AB2,RMSE,1.2365909565342823
high,2069,125,AB2,MAE,0.9968132530106751
high,2069,125,AB2,DA,0.5240963855421686
high,2069,125,AB3,RMSE,1.2452897145777377
high,2069,125,AB3,MAE,0.998348500601344
high,2069,125,AB3,DA,0.47289156626506024
high,2069,125,AB4,RMSE,1.3243349397146897
high,2069,125,AB4,MAE,1.0344425407077729
high,2069,125,AB4,DA,0.5421686746987951
high,2069,125,AB5,RMSE,1.1796480225620267
high,2069,125,AB5,MAE,0.9374536756399546
high,2069,125,AB5,DA,0.5210843373493976
high,2070,125,MPTE,RMSE,1.640187340127215
high,2070,125,MPTE,MAE,1.3259346777180696
high,2070,125,MPTE,DA,0.49698795180722893
high,2070,125,AR,RMSE,1.9026103916824597
high,2070,125,AR,MAE,1.5448505549584197
high,2070,125,AR,DA,0.09337349397590361
high,2070,125,MIDAS,RMSE,1.6895115884498177
high,2070,125,MIDAS,MAE,1.3201100463380533
high,2070,125,MIDAS,DA,0.5813253012048193
high,2070,125,AB1,RMSE,1.620308242735237
high,2070,125,AB1,MAE,1.268439372468217
high,2070,125,AB1,DA,0.5240963855421686
high,2070,125,AB2,RMSE,1.6046575265198422
high,2070,125,AB2,MAE,1.2694537095160237
high,2070,125,AB2,DA,0.5753012048192772
high,2070,125,AB3,RMSE,1.6906755310909143
high,2070,125,AB3,MAE,1.3487923223805858
high,2070,125,AB3,DA,0.536144578313253
high,2070,125,AB4,RMSE,1.8735574450840176
high,2070,125,AB4,MAE,1.5247459187798242
high,2070,125,AB4,DA,0.47289156626506024
high,2070,125,AB5,RMSE,1.7226966962142318
high,2070,125,AB5,MAE,1.4016486016986323
high,2070,125,AB5,DA,0.4578313253012048
high,2071,125,MPTE,RMSE,1.6119618940556133
high,2071,125,MPTE,MAE,1.2385858177597098
high,2071,125,MPTE,DA,0.8072289156626506
high,2071,125,AR,RMSE,1.907328150607269
high,2071,125,AR,MAE,1.510823523284716
high,2071,125,AR,DA,0.045180722891566265
high,2071,125,MIDAS,RMSE,1.592662001367204
high,2071,125,MIDAS,MAE,1.2403526242809018
high,2071,125,MIDAS,DA,0.7560240963855421
high,2071,125,AB1,RMSE,1.6709655468010955
high,2071,125,AB1,MAE,1.2791130379765752
high,2071,125,AB1,DA,0.7469879518072289
high,2071,125,AB2,RMSE,1.5792235962302295
high,2071,125,AB2,MAE,1.2159903591438013
high,2071,125,AB2,DA,0.7981927710843374
high,2071,125,AB3,RMSE,1.697536179754765
high,2071,125,AB3,MAE,1.3316786228568227
high,2071,125,AB3,DA,0.7771084337349398
high,2071,125,AB4,RMSE,1.9274977521367311
high,2071,125,AB4,MAE,1.516549130323998
high,2071,125,AB4,DA,0.6204819277108434
high,2071,125,AB5,RMSE,1.6619721664081295
high,2071,125,AB5,MAE,1.2991692723980564
high,2071,125,AB5,DA,0.7740963855421686
high,2072,125,MPTE,RMSE,1.2338822819635
high,2072,125,MPTE,MAE,1.0060139760867797
high,2072,125,MPTE,DA,0.6626506024096386
high,2072,125,AR,RMSE,1.919150854921528
high,2072,125,AR,MAE,1.5544413685864062
high,2072,125,AR,DA,0.060240963855421686
high,2072,125,MIDAS,RMSE,1.2913482869780737
high,2072,125,MIDAS,MAE,1.0369929423765178
high,2072,125,MIDAS,DA,0.6626506024096386
high,2072,125,AB1,RMSE,1.3150576149158915
high,2072,125,AB1,MAE,1.0642774632259684
high,2072,125,AB1,DA,0.6265060240963856
high,2072,125,AB2,RMSE,1.2260556751330571
high,2072,125,AB2,MAE,0.9851781384073108
high,2072,125,AB2,DA,0.6596385542168675
high,2072,125,AB3,RMSE,1.4059317175815018
high,2072,125,AB3,MAE,1.1149824300974425
high,2072,125,AB3,DA,0.6024096385542169
high,2072,125,AB4,RMSE,1.8512876626627157
high,2072,125,AB4,MAE,1.494479868644829
high,2072,125,AB4,DA,0.5421686746987951
high,2072,125,AB5,RMSE,1.5267158828189433
high,2072,125,AB5,MAE,1.2296691215742637
high,2072,125,AB5,DA,0.5843373493975904
high,2073,125,MPTE,RMSE,1.2889677976212002
high,2073,125,MPTE,MAE,1.0205724752011482
high,2073,125,MPTE,DA,0.6445783132530121
high,2073,125,AR,RMSE,1.375975785028435
high,2073,125,AR,MAE,1.0591933810860774
high,2073,125,AR,DA,0.03313253012048193
high,2073,125,MIDAS,RMSE,1.3410684099489654
high,2073,125,MIDAS,MAE,1.039369939049771
high,2073,125,MIDAS,DA,0.5933734939759037
high,2073,125,AB1,RMSE,1.3050277560408203
high,2073,125,AB1,MAE,1.0068224202593776
high,2073,125,AB1,DA,0.641566265060241
high,2073,125,AB2,RMSE,1.2859301242413324
high,2073,125,AB2,MAE,1.0206700620935016
high,2073,125,AB2,DA,0.6566265060240963
high,2073,125,AB3,RMSE,1.317626325551592
high,2073,125,AB3,MAE,1.0104594776598044
high,2073,125,AB3,DA,0.6265060240963856
high,2073,125,AB4,RMSE,1.3728664873711338
high,2073,125,AB4,MAE,1.0564338725599869
high,2073,125,AB4,DA,0.5060240963855421
high,2073,125,AB5,RMSE,1.265327040626664
high,2073,125,AB5,MAE,0.9880403056325681
high,2073,125,AB5,DA,0.6385542168674698
high,2074,125,MPTE,RMSE,1.4032508506174037
high,2074,125,MPTE,MAE,1.1351508161628816
high,2074,125,MPTE,DA,0.5271084337349398
high,2074,125,AR,RMSE,1.4043449235155727
high,2074,125,AR,MAE,1.1354236244274307
high,2074,125,AR,DA,0.03313253012048193
high,2074,125,MIDAS,RMSE,1.4266840250945236
high,2074,125,MIDAS,MAE,1.1643074324643419
high,2074,125,MIDAS,DA,0.5331325301204819
high,2074,125,AB1,RMSE,1.2982642469100665
high,2074,125,AB1,MAE,1.0651150152251168
high,2074,125,AB1,DA,0.5210843373493976
high,2074,125,AB2,RMSE,1.3234867894411457
high,2074,125,AB2,MAE,1.0745417850307555
high,2074,125,AB2,DA,0.5030120481927711
high,2074,125,AB3,RMSE,1.3431913234026838
high,2074,125,AB3,MAE,1.0949389895781652
high,2074,125,AB3,DA,0.5090361445783133
high,2074,125,AB4,RMSE,1.440520008205509
high,2074,125,AB4,MAE,1.154258393470769
high,2074,125,AB4,DA,0.4939759036144578
high,2074,125,AB5,RMSE,1.3281402087604226
high,2074,125,AB5,MAE,1.091172074058115
high,2074,125,AB5,DA,0.49698795180722893
high,2075,125,MPTE,RMSE,1.0983414089038872
high,2075,125,MPTE,MAE,0.8663088697389908
high,2075,125,MPTE,DA,0.6325301204819277
high,2075,125,AR,RMSE,1.3165788607057989
high,2075,125,AR,MAE,1.044360308500547
high,2075,125,AR,DA,0.060240963855421686
high,2075,125,MIDAS,RMSE,1.2715512834742289
high,2075,125,MIDAS,MAE,0.9960606491593527
high,2075,125,MIDAS,DA,0.6265060240963856
high,2075,125,AB1,RMSE,1.1594234347854055
high,2075,125,AB1,MAE,0.9056646831882107
high,2075,125,AB1,DA,0.6174698795180723
high,2075,125,AB2,RMSE,1.1770480677014208
high,2075,125,AB2,MAE,0.9352845051386658
high,2075,125,AB2,DA,0.6174698795180723
high,2075,125,AB3,RMSE,1.138148086090736
high,2075,125,AB3,MAE,0.8927323231896703
high,2075,125,AB3,DA,0.6506024096385542
high,2075,125,AB4,RMSE,1.29138234568164
high,2075,125,AB4,MAE,1.023586141790964
high,2075,125,AB4,DA,0.5753012048192772
high,2075,125,AB5,RMSE,1.1469435745040721
high,2075,125,AB5,MAE,0.9233459036595006
high,2075,125,AB5,DA,0.6174698795180723
high,2076,125,MPTE,RMSE,1.1043965442424866
high,2076,125,MPTE,MAE,0.8885044852385945
high,2076,125,MPTE,DA,0.5512048192771084
high,2076,125,AR,RMSE,1.2159191350711365
high,2076,125,AR,MAE,0.9748002074900199
high,2076,125,AR,DA,0.02710843373493976
high,2076,125,MIDAS,RMSE,1.1190368758310856
high,2076,125,MIDAS,MAE,0.8997598494773705
high,2076,125,MIDAS,DA,0.6114457831325302
high,2076,125,AB1,RMSE,1.1161252481621389
high,2076,125,AB1,MAE,0.9073429504358896
high,2076,125,AB1,DA,0.6234939759036144
high,2076,125,AB2,RMSE,1.1106340740573615
high,2076,125,AB2,MAE,0.8974195124811408
high,2076,125,AB2,DA,0.5873493975903614
high,2076,125,AB3,RMSE,1.1025660349549842
high,2076,125,AB3,MAE,0.8862118285756366
high,2076,125,AB3,DA,0.5572289156626506
high,2076,125,AB4,RMSE,1.189259247605224
high,2076,125,AB4,MAE,0.9537747098207205
high,2076,125,AB4,DA,0.4819277108433735
high,2076,125,AB5,RMSE,1.1412562686549967
high,2076,125,AB5,MAE,0.9179982927193165
high,2076,125,AB5,DA,0.5331325301204819
high,2077,125,MPTE,RMSE,1.2373973778672616
high,2077,125,MPTE,MAE,0.9898207501074135
high,2077,125,MPTE,DA,0.7680722891566265
high,2077,125,AR,RMSE,1.5489128971724355
high,2077,125,AR,MAE,1.2486334277365332
high,2077,125,AR,DA,0.04819277108433735
high,2077,125,MIDAS,RMSE,1.323273695344615
high,2077,125,MIDAS,MAE,1.0608486272569624
high,2077,125,MIDAS,DA,0.7530120481927711
high,2077,125,AB1,RMSE,1.3815244292257118
high,2077,125,AB1,MAE,1.0887801949197733
high,2077,125,AB1,DA,0.7831325301204819
high,2077,125,AB2,RMSE,1.337467010203745
high,2077,125,AB2,MAE,1.0490565712410793
high,2077,125,AB2,DA,0.7891566265060241
high,2077,125,AB3,RMSE,1.3524028628963136
high,2077,125,AB3,MAE,1.0903191366872056
high,2077,125,AB3,DA,0.7710843373493976
high,2077,125,AB4,RMSE,1.5515923628624384
high,2077,125,AB4,MAE,1.2329135082790943
high,2077,125,AB4,DA,0.7018072289156626
high,2077,125,AB5,RMSE,1.3987804150237175
high,2077,125,AB5,MAE,1.135108910477573
high,2077,125,AB5,DA,0.7349397590361446
high,2078,125,MPTE,RMSE,1.4109299905361772
high,2078,125,MPTE,MAE,1.1471356182205397
high,2078,125,MPTE,DA,0.5843373493975904
high,2078,125,AR,RMSE,1.470720032597445
high,2078,125,AR,MAE,1.2070788344252643
high,2078,125,AR,DA,0.024096385542168676
high,2078,125,MIDAS,RMSE,1.3585736725259596
high,2078,125,MIDAS,MAE,1.1287149377091577
high,2078,125,MIDAS,DA,0.5903614457831325
high,2078,125,AB1,RMSE,1.402228931810061
high,2078,125,AB1,MAE,1.1439292615323333
high,2078,125,AB1,DA,0.5783132530120482
high,2078,125,AB2,RMSE,1.379518553193709
high,2078,125,AB2,MAE,1.103995029129817
high,2078,125,AB2,DA,0.5481927710843374
high,2078,125,AB3,RMSE,1.4462081194623873
high,2078,125,AB3,MAE,1.199840165195544
high,2078,125,AB3,DA,0.5692771084337349
high,2078,125,AB4,RMSE,1.4835674441427584
high,2078,125,AB4,MAE,1.2147472449609538
high,2078,125,AB4,DA,0.46686746987951805
high,2078,125,AB5,RMSE,1.4270849653529472
high,2078,125,AB5,MAE,1.1620166232468778
high,2078,125,AB5,DA,0.5301204819277109
high,2079,125,MPTE,RMSE,1.2068188255408916
high,2079,125,MPTE,MAE,0.9538159472670963
high,2079,125,MPTE,DA,0.6355421686746988
high,2079,125,AR,RMSE,1.2874508417899435
high,2079,125,AR,MAE,1.0233833656133013
high,2079,125,AR,DA,0.03614457831325301
high,2079,125,MIDAS,RMSE,1.2100804543996515
high,2079,125,MIDAS,MAE,0.9598855859891734
high,2079,125,MIDAS,DA,0.5240963855421686
high,2079,125,AB1,RMSE,1.2508703997770376
high,2079,125,AB1,MAE,0.9829104998296131
high,2079,125,AB1,DA,0.6325301204819277
high,2079,125,AB2,RMSE,1.301320719852879
high,2079,125,AB2,MAE,1.0429062379066254
high,2079,125,AB2,DA,0.5120481927710844
high,2079,125,AB3,RMSE,1.2879388593608811
high,2079,125,AB3,MAE,1.020970941918298
high,2079,125,AB3,DA,0.5843373493975904
high,2079,125,AB4,RMSE,1.2965599647361923
high,2079,125,AB4,MAE,1.036566969627336
high,2079,125,AB4,DA,0.4307228915662651
high,2079,125,AB5,RMSE,1.1903282098358117
high,2079,125,AB5,MAE,0.9322100418771719
high,2079,125,AB5,DA,0.5632530120481928
high,2080,125,MPTE,RMSE,1.2096499750230734
high,2080,125,MPTE,MAE,0.9721387356786415
high,2080,125,MPTE,DA,0.5481927710843374
high,2080,125,AR,RMSE,1.2589357335471938
high,2080,125,AR,MAE,1.015141673952903
high,2080,125,AR,DA,0.08132530120481928
high,2080,125,MIDAS,RMSE,1.263564434505787
high,2080,125,MIDAS,MAE,1.0191646789897357
high,2080,125,MIDAS,DA,0.5271084337349398
high,2080,125,AB1,RMSE,1.1895879214229401
high,2080,125,AB1,MAE,0.9534061358138904
high,2080,125,AB1,DA,0.5903614457831325
high,2080,125,AB2,RMSE,1.2402359891935515
high,2080,125,AB2,MAE,0.9976141402491432
high,2080,125,AB2,DA,0.5602409638554217
high,2080,125,AB3,RMSE,1.158351732700622
high,2080,125,AB3,MAE,0.9350701687393503
high,2080,125,AB3,DA,0.6355421686746988
high,2080,125,AB4,RMSE,1.2620215385834481
high,2080,125,AB4,MAE,1.0261912882705928
high,2080,125,AB4,DA,0.5030120481927711
high,2080,125,AB5,RMSE,1.219961241087981
high,2080,125,AB5,MAE,0.9820670150127693
high,2080,125,AB5,DA,0.6536144578313253
high,2081,125,AB1,RMSE,1.3306476326405101
high,2081,125,AB1,MAE,1.0613574485466077
high,2081,125,AB1,DA,0.5933734939759037
high,2081,125,AB2,RMSE,1.2381070031674586
high,2081,125,AB2,MAE,0.997888452956909
high,2081,125,AB2,DA,0.5783132530120482
high,2081,125,AB4,RMSE,1.3373223625351784
high,2081,125,AB4,MAE,1.0762397493618585
high,2081,125,AB4,DA,0.5060240963855421
high,2081,125,AB5,RMSE,1.220706921381168
high,2081,125,AB5,MAE,0.9599029495949696
high,2081,125,AB5,DA,0.6325301204819277
high,2082,125,MPTE,RMSE,1.1799261439440525
high,2082,125,MPTE,MAE,0.9539995860815784
high,2082,125,MPTE,DA,0.6987951807228916
high,2082,125,AR,RMSE,1.2487391910436636
high,2082,125,AR,MAE,0.9945555653946834
high,2082,125,AR,DA,0.030120481927710843
high,2082,125,MIDAS,RMSE,1.236854329398978
high,2082,125,MIDAS,MAE,0.9598423965790985
high,2082,125,MIDAS,DA,0.6054216867469879
high,2082,125,AB1,RMSE,1.208470264242272
high,2082,125,AB1,MAE,0.9721635543026952
high,2082,125,AB1,DA,0.6445783132530121
high,2082,125,AB2,RMSE,1.1955159031402591
high,2082,125,AB2,MAE,0.9579854887391536
high,2082,125,AB2,DA,0.6716867469879518
high,2082,125,AB3,RMSE,1.2270949155700484
high,2082,125,AB3,MAE,0.9790171235744366
high,2082,125,AB3,DA,0.6024096385542169
high,2082,125,AB4,RMSE,1.2490347483453457
high,2082,125,AB4,MAE,0.9940245403748865
high,2082,125,AB4,DA,0.6234939759036144
high,2082,125,AB5,RMSE,1.1864612208071432
high,2082,125,AB5,MAE,0.9461442189864068
high,2082,125,AB5,DA,0.6626506024096386
high,2083,125,MPTE,RMSE,1.3788986013979205
high,2083,125,MPTE,MAE,1.104989562076585
high,2083,125,MPTE,DA,0.6686746987951807
high,2083,125,AR,RMSE,1.674555803629039
high,2083,125,AR,MAE,1.356140710881788
high,2083,125,AR,DA,0.03313253012048193
high,2083,125,MIDAS,RMSE,1.479465017766496
high,2083,125,MIDAS,MAE,1.1834433520452972
high,2083,125,MIDAS,DA,0.6626506024096386
high,2083,125,AB1,RMSE,1.3951765649349108
high,2083,125,AB1,MAE,1.1361023559027952
high,2083,125,AB1,DA,0.7078313253012049
high,2083,125,AB2,RMSE,1.336214656957847
high,2083,125,AB2,MAE,1.062698055253353
high,2083,125,AB2,DA,0.7048192771084337
high,2083,125,AB3,RMSE,1.4942929325228855
high,2083,125,AB3,MAE,1.1838558106630233
high,2083,125,AB3,DA,0.6536144578313253
high,2083,125,AB4,RMSE,1.6635803897078982
high,2083,125,AB4,MAE,1.350212914927271
high,2083,125,AB4,DA,0.47289156626506024
high,2083,125,AB5,RMSE,1.4714434271009809
high,2083,125,AB5,MAE,1.1898981494941598
high,2083,125,AB5,DA,0.6114457831325302
high,2084,125,MPTE,RMSE,1.7573670662291263
high,2084,125,MPTE,MAE,1.4121819646934524
high,2084,125,MPTE,DA,0.6927710843373494
high,2084,125,AR,RMSE,1.9573127668975123
high,2084,125,AR,MAE,1.5956132668417233
high,2084,125,AR,DA,0.0783132530120482
high,2084,125,MIDAS,RMSE,1.7897518496633713
high,2084,125,MIDAS,MAE,1.4459593057231999
high,2084,125,MIDAS,DA,0.5662650602409639
high,2084,125,AB1,RMSE,1.7502929525339965
high,2084,125,AB1,MAE,1.4119661389516855
high,2084,125,AB1,DA,0.6054216867469879
high,2084,125,AB2,RMSE,1.686444000496864
high,2084,125,AB2,MAE,1.339094154772207
high,2084,125,AB2,DA,0.6566265060240963
high,2084,125,AB3,RMSE,1.804930439424924
high,2084,125,AB3,MAE,1.441281831238806
high,2084,125,AB3,DA,0.5301204819277109
high,2084,125,AB4,RMSE,1.945452068704788
high,2084,125,AB4,MAE,1.5809107093114825
high,2084,125,AB4,DA,0.5090361445783133
high,2084,125,AB5,RMSE,1.7830631985978336
high,2084,125,AB5,MAE,1.4587269279648478
high,2084,125,AB5,DA,0.6897590361445783
high,2085,125,MPTE,RMSE,1.5103709657251798
high,2085,125,MPTE,MAE,1.2082807295418072
high,2085,125,MPTE,DA,0.6114457831325302
high,2085,125,AR,RMSE,1.6459777197972936
high,2085,125,AR,MAE,1.3669164161802723
high,2085,125,AR,DA,0.03313253012048193
high,2085,125,MIDAS,RMSE,1.610068070809207
high,2085,125,MIDAS,MAE,1.3042721168850562
high,2085,125,MIDAS,DA,0.5451807228915663
high,2085,125,AB1,RMSE,1.571959609424821
high,2085,125,AB1,MAE,1.2653086798487603
high,2085,125,AB1,DA,0.5662650602409639
high,2085,125,AB2,RMSE,1.5280055263965302
high,2085,125,AB2,MAE,1.2273802363368616
high,2085,125,AB2,DA,0.5662650602409639
high,2085,125,AB3,RMSE,1.5663814743719373
high,2085,125,AB3,MAE,1.263430384524949
high,2085,125,AB3,DA,0.5512048192771084
high,2085,125,AB4,RMSE,1.6638149947033867
high,2085,125,AB4,MAE,1.3798404155231296
high,2085,125,AB4,DA,0.5060240963855421
high,2085,125,AB5,RMSE,1.5924707102282052
high,2085,125,AB5,MAE,1.3149851057977735
high,2085,125,AB5,DA,0.5120481927710844
high,2086,125,MPTE,RMSE,1.0489949936855643
high,2086,125,MPTE,MAE,0.8340396018112995
high,2086,125,MPTE,DA,0.75
high,2086,125,AR,RMSE,1.2905284268456367
high,2086,125,AR,MAE,1.0322636479229053
high,2086,125,AR,DA,0.06626506024096386
high,2086,125,MIDAS,RMSE,1.2529396394210646
high,2086,125,MIDAS,MAE,1.007961875066239
high,2086,125,MIDAS,DA,0.6656626506024096
high,2086,125,AB1,RMSE,1.2236503507933265
high,2086,125,AB1,MAE,0.984222577855644
high,2086,125,AB1,DA,0.7439759036144579
high,2086,125,AB2,RMSE,1.1046611457461373
high,2086,125,AB2,MAE,0.8813633320330937
high,2086,125,AB2,DA,0.7530120481927711
high,2086,125,AB3,RMSE,1.184039283325554
high,2086,125,AB3,MAE,0.9445873458257884
high,2086,125,AB3,DA,0.713855421686747
high,2086,125,AB4,RMSE,1.2825782185037033
high,2086,125,AB4,MAE,1.0156344359777296
high,2086,125,AB4,DA,0.5753012048192772
high,2086,125,AB5,RMSE,1.1333965064486224
high,2086,125,AB5,MAE,0.9017777775934026
high,2086,125,AB5,DA,0.7379518072289156
high,2087,125,MPTE,RMSE,1.080058465341035
high,2087,125,MPTE,MAE,0.8721420224087775
high,2087,125,MPTE,DA,0.5813253012048193
high,2087,125,AR,RMSE,1.1771351315430398
high,2087,125,AR,MAE,0.9534286239332593
high,2087,125,AR,DA,0.06325301204819277
high,2087,125,MIDAS,RMSE,1.1903518891479896
high,2087,125,MIDAS,MAE,0.9501253456812958
high,2087,125,MIDAS,DA,0.5512048192771084
high,2087,125,AB1,RMSE,1.165726400411151
high,2087,125,AB1,MAE,0.9188619174422131
high,2087,125,AB1,DA,0.5843373493975904
high,2087,125,AB2,RMSE,1.0999304960573055
high,2087,125,AB2,MAE,0.900142261912858
high,2087,125,AB2,DA,0.5301204819277109
high,2087,125,AB3,RMSE,1.2051281846134523
high,2087,125,AB3,MAE,0.9582121942556359
high,2087,125,AB3,DA,0.5753012048192772
high,2087,125,AB4,RMSE,1.1697308379679712
high,2087,125,AB4,MAE,0.9467259857546938
high,2087,125,AB4,DA,0.5150602409638554
high,2087,125,AB5,RMSE,1.0988943586834778
high,2087,125,AB5,MAE,0.9005913315593916
high,2087,125,AB5,DA,0.5993975903614458
high,2088,125,MPTE,RMSE,1.161669895833075
high,2088,125,MPTE,MAE,0.9088686497524922
high,2088,125,MPTE,DA,0.7530120481927711
high,2088,125,AR,RMSE,1.3757828206160259
high,2088,125,AR,MAE,1.078365798263377
high,2088,125,AR,DA,0.04819277108433735
high,2088,125,MIDAS,RMSE,1.3904390733721066
high,2088,125,MIDAS,MAE,1.0903934288760406
high,2088,125,MIDAS,DA,0.5271084337349398
high,2088,125,AB1,RMSE,1.302620196747776
high,2088,125,AB1,MAE,1.024574054921612
high,2088,125,AB1,DA,0.7319277108433735
high,2088,125,AB2,RMSE,1.1678710014857256
high,2088,125,AB2,MAE,0.9245345855058913
high,2088,125,AB2,DA,0.7259036144578314
high,2088,125,AB3,RMSE,1.2301254332617604
high,2088,125,AB3,MAE,0.9606392019196431
high,2088,125,AB3,DA,0.7439759036144579
high,2088,125,AB4,RMSE,1.3747411616987721
high,2088,125,AB4,MAE,1.0760089209382497
high,2088,125,AB4,DA,0.5030120481927711
high,2088,125,AB5,RMSE,1.3005371602032945
high,2088,125,AB5,MAE,1.0228486627511422
high,2088,125,AB5,DA,0.7018072289156626
high,2089,125,MPTE,RMSE,1.2919570488646854
high,2089,125,MPTE,MAE,1.014149041153869
high,2089,125,MPTE,DA,0.536144578313253
high,2089,125,AR,RMSE,1.5574733969042909
high,2089,125,AR,MAE,1.2508476914612363
high,2089,125,AR,DA,0.10843373493975904
high,2089,125,MIDAS,RMSE,1.2871272675332397
high,2089,125,MIDAS,MAE,1.0160166875127408
high,2089,125,MIDAS,DA,0.5060240963855421
high,2089,125,AB1,RMSE,1.299657718010665
high,2089,125,AB1,MAE,1.027304263443583
high,2089,125,AB1,DA,0.5150602409638554
high,2089,125,AB2,RMSE,1.262373567303189
high,2089,125,AB2,MAE,0.9989620448812748
high,2089,125,AB2,DA,0.5753012048192772
high,2089,125,AB3,RMSE,1.3770231131402166
high,2089,125,AB3,MAE,1.0889857042450317
high,2089,125,AB3,DA,0.49698795180722893
high,2089,125,AB4,RMSE,1.4849992020724505
high,2089,125,AB4,MAE,1.1922520519265898
high,2089,125,AB4,DA,0.4307228915662651
high,2089,125,AB5,RMSE,1.2993198113733528
high,2089,125,AB5,MAE,1.0545345639726011
high,2089,125,AB5,DA,0.5391566265060241
high,2090,125,MPTE,RMSE,1.2840143741810544
high,2090,125,MPTE,MAE,1.020002080432769
high,2090,125,MPTE,DA,0.5391566265060241
high,2090,125,AR,RMSE,1.3087051647105896
high,2090,125,AR,MAE,1.0395111085139483
high,2090,125,AR,DA,0.02710843373493976
high,2090,125,MIDAS,RMSE,1.29401072408272
high,2090,125,MIDAS,MAE,1.0195350529320457
high,2090,125,MIDAS,DA,0.6054216867469879
high,2090,125,AB1,RMSE,1.383505329432819
high,2090,125,AB1,MAE,1.090313920478936
high,2090,125,AB1,DA,0.5572289156626506
high,2090,125,AB2,RMSE,1.2988183219616394
high,2090,125,AB2,MAE,1.0449870432609996
high,2090,125,AB2,DA,0.6265060240963856
high,2090,125,AB3,RMSE,1.3446961372854043
high,2090,125,AB3,MAE,1.055848883810929
high,2090,125,AB3,DA,0.5481927710843374
high,2090,125,AB4,RMSE,1.3253262326255353
high,2090,125,AB4,MAE,1.050686054612246
high,2090,125,AB4,DA,0.5120481927710844
high,2090,125,AB5,RMSE,1.3666602758733182
high,2090,125,AB5,MAE,1.0896117319465108
high,2090,125,AB5,DA,0.4126506024096386
high,2091,125,MPTE,RMSE,1.29910811210466
high,2091,125,MPTE,MAE,1.0447594971936414
high,2091,125,MPTE,DA,0.7108433734939759
high,2091,125,AR,RMSE,1.4924145339416321
high,2091,125,AR,MAE,1.2198040844502513
high,2091,125,AR,DA,0.05421686746987952
high,2091,125,MIDAS,RMSE,1.3812344933157001
high,2091,125,MIDAS,MAE,1.095511314062659
high,2091,125,MIDAS,DA,0.6626506024096386
high,2091,125,AB1,RMSE,1.377299082216823
high,2091,125,AB1,MAE,1.1053731946331486
high,2091,125,AB1,DA,0.7319277108433735
high,2091,125,AB2,RMSE,1.3804886589357321
high,2091,125,AB2,MAE,1.1163328696470678
high,2091,125,AB2,DA,0.6867469879518072
high,2091,125,AB3,RMSE,1.3420147753016833
high,2091,125,AB3,MAE,1.0695819367708341
high,2091,125,AB3,DA,0.7108433734939759
high,2091,125,AB4,RMSE,1.5035031599115565
high,2091,125,AB4,MAE,1.227682506352794
high,2091,125,AB4,DA,0.5301204819277109
high,2091,125,AB5,RMSE,1.3895481372294016
high,2091,125,AB5,MAE,1.127299409548118
high,2091,125,AB5,DA,0.6807228915662651
high,2092,125,MPTE,RMSE,1.5364547065490701
high,2092,125,MPTE,MAE,1.2341456154619146
high,2092,125,MPTE,DA,0.641566265060241
high,2092,125,AR,RMSE,1.5887300204301609
high,2092,125,AR,MAE,1.2686067080595196
high,2092,125,AR,DA,0.015060240963855422
high,2092,125,MIDAS,RMSE,1.5228015689399448
high,2092,125,MIDAS,MAE,1.1975312864916705
high,2092,125,MIDAS,DA,0.5993975903614458
high,2092,125,AB1,RMSE,1.498674376950283
high,2092,125,AB1,MAE,1.1707088470970248
high,2092,125,AB1,DA,0.6114457831325302
high,2092,125,AB2,RMSE,1.5073450967978448
high,2092,125,AB2,MAE,1.2055171044916857
high,2092,125,AB2,DA,0.6295180722891566
high,2092,125,AB3,RMSE,1.5098694309106024
high,2092,125,AB3,MAE,1.2088527838384246
high,2092,125,AB3,DA,0.5963855421686747
high,2092,125,AB4,RMSE,1.5797310202734907
high,2092,125,AB4,MAE,1.259099831546959
high,2092,125,AB4,DA,0.5542168674698795
high,2092,125,AB5,RMSE,1.5318515046156445
high,2092,125,AB5,MAE,1.2331039134501218
high,2092,125,AB5,DA,0.5933734939759037
high,2093,125,MPTE,RMSE,1.3799023403790767
high,2093,125,MPTE,MAE,1.1110140603937948
high,2093,125,MPTE,DA,0.5692771084337349
high,2093,125,AR,RMSE,1.5603256536103298
high,2093,125,AR,MAE,1.214707622497397
high,2093,125,AR,DA,0.03614457831325301
high,2093,125,MIDAS,RMSE,1.478155113581436
high,2093,125,MIDAS,MAE,1.1688754751727581
high,2093,125,MIDAS,DA,0.5602409638554217
high,2093,125,AB1,RMSE,1.4657867426749185
high,2093,125,AB1,MAE,1.1873379555540935
high,2093,125,AB1,DA,0.5602409638554217
high,2093,125,AB2,RMSE,1.3898446416549748
high,2093,125,AB2,MAE,1.1202417763503034
high,2093,125,AB2,DA,0.5873493975903614
high,2093,125,AB3,RMSE,1.4021537486648408
high,2093,125,AB3,MAE,1.138940229912342
high,2093,125,AB3,DA,0.5662650602409639
high,2093,125,AB4,RMSE,1.513926708954351
high,2093,125,AB4,MAE,1.178595856489968
high,2093,125,AB4,DA,0.5
high,2093,125,AB5,RMSE,1.4074248593565435
high,2093,125,AB5,MAE,1.1383992438024801
high,2093,125,AB5,DA,0.5451807228915663
high,2094,125,MPTE,RMSE,1.2965976162216222
high,2094,125,MPTE,MAE,1.024799005831618
high,2094,125,MPTE,DA,0.6536144578313253
high,2094,125,AR,RMSE,1.3848074230054128
high,2094,125,AR,MAE,1.08843116177519
high,2094,125,AR,DA,0.03614457831325301
high,2094,125,MIDAS,RMSE,1.3274748133787704
high,2094,125,MIDAS,MAE,1.0515381561953348
high,2094,125,MIDAS,DA,0.6174698795180723
high,2094,125,AB1,RMSE,1.3295509493314404
high,2094,125,AB1,MAE,1.0430032724622296
high,2094,125,AB1,DA,0.6656626506024096
high,2094,125,AB2,RMSE,1.276726269566303
high,2094,125,AB2,MAE,1.0075313395135608
high,2094,125,AB2,DA,0.6686746987951807
high,2094,125,AB3,RMSE,1.3010545675736591
high,2094,125,AB3,MAE,1.02742530292848
high,2094,125,AB3,DA,0.6506024096385542
high,2094,125,AB4,RMSE,1.3845801679814618
high,2094,125,AB4,MAE,1.080529716183311
high,2094,125,AB4,DA,0.572289156626506
high,2094,125,AB5,RMSE,1.3190077232468636
high,2094,125,AB5,MAE,1.0295502570356674
high,2094,125,AB5,DA,0.6325301204819277
high,2095,125,MPTE,RMSE,1.2100186847996124
high,2095,125,MPTE,MAE,0.9813118384811065
high,2095,125,MPTE,DA,0.5572289156626506
high,2095,125,AR,RMSE,1.3395240090126783
high,2095,125,AR,MAE,1.063553003687145
high,2095,125,AR,DA,0.03614457831325301
high,2095,125,MIDAS,RMSE,1.3270654474409036
high,2095,125,MIDAS,MAE,1.071484489163223
high,2095,125,MIDAS,DA,0.5843373493975904
high,2095,125,AB1,RMSE,1.2105124294572465
high,2095,125,AB1,MAE,0.977349741184377
high,2095,125,AB1,DA,0.5331325301204819
high,2095,125,AB2,RMSE,1.265050423880117
high,2095,125,AB2,MAE,1.018359523538866
high,2095,125,AB2,DA,0.5602409638554217
high,2095,125,AB3,RMSE,1.2723958521349625
high,2095,125,AB3,MAE,1.0439720763673899
high,2095,125,AB3,DA,0.5391566265060241
high,2095,125,AB4,RMSE,1.3377793867200516
high,2095,125,AB4,MAE,1.0676425871648803
high,2095,125,AB4,DA,0.49096385542168675
high,2095,125,AB5,RMSE,1.2480262938709714
high,2095,125,AB5,MAE,1.0030989095257525
high,2095,125,AB5,DA,0.5421686746987951
high,2096,125,MPTE,RMSE,1.26951995138704
high,2096,125,MPTE,MAE,1.0228627976646427
high,2096,125,MPTE,DA,0.6204819277108434
high,2096,125,AR,RMSE,1.5315459453732774
high,2096,125,AR,MAE,1.2459355963699328
high,2096,125,AR,DA,0.03313253012048193
high,2096,125,MIDAS,RMSE,1.3629626778231807
high,2096,125,MIDAS,MAE,1.0868487961612834
high,2096,125,MIDAS,DA,0.641566265060241
high,2096,125,AB1,RMSE,1.3078638512873217
high,2096,125,AB1,MAE,1.0417250233712467
high,2096,125,AB1,DA,0.6174698795180723
high,2096,125,AB2,RMSE,1.2883739684181403
high,2096,125,AB2,MAE,1.031906363461154
high,2096,125,AB2,DA,0.6295180722891566
high,2096,125,AB3,RMSE,1.3262123841318323
high,2096,125,AB3,MAE,1.061900731807228
high,2096,125,AB3,DA,0.6385542168674698
high,2096,125,AB4,RMSE,1.4918558197833982
high,2096,125,AB4,MAE,1.203777017632294
high,2096,125,AB4,DA,0.5542168674698795
high,2096,125,AB5,RMSE,1.3218951223655708
high,2096,125,AB5,MAE,1.0661256483842363
high,2096,125,AB5,DA,0.6265060240963856
high,2097,125,AB2,RMSE,2.658346370436249
high,2097,125,AB2,MAE,2.222706016213188
high,2097,125,AB2,DA,0.6174698795180723
high,2097,125,AB4,RMSE,2.883967035897908
high,2097,125,AB4,MAE,2.396556024717419
high,2097,125,AB4,DA,0.4457831325301205
high,2097,125,AB5,RMSE,2.8760246997471004
high,2097,125,AB5,MAE,2.3982399799378054
high,2097,125,AB5,DA,0.4307228915662651
high,2098,125,MPTE,RMSE,1.7882166701661888
high,2098,125,MPTE,MAE,1.4528459220002912
high,2098,125,MPTE,DA,0.6445783132530121
high,2098,125,AR,RMSE,1.9190876835624966
high,2098,125,AR,MAE,1.4985796062921952
high,2098,125,AR,DA,0.02710843373493976
high,2098,125,MIDAS,RMSE,1.9292029057837556
high,2098,125,MIDAS,MAE,1.526714414783258
high,2098,125,MIDAS,DA,0.572289156626506
high,2098,125,AB1,RMSE,1.9796652376597075
high,2098,125,AB1,MAE,1.6126530232016132
high,2098,125,AB1,DA,0.5813253012048193
high,2098,125,AB2,RMSE,1.9223194763755724
high,2098,125,AB2,MAE,1.509843867475442
high,2098,125,AB2,DA,0.5903614457831325
high,2098,125,AB3,RMSE,1.895946186478898
high,2098,125,AB3,MAE,1.5362420778050783
high,2098,125,AB3,DA,0.6204819277108434
high,2098,125,AB4,RMSE,1.9166971491508689
high,2098,125,AB4,MAE,1.5007743549978456
high,2098,125,AB4,DA,0.4397590361445783
high,2098,125,AB5,RMSE,1.8252817322715926
high,2098,125,AB5,MAE,1.447629838011976
high,2098,125,AB5,DA,0.6174698795180723
high,2099,125,MPTE,RMSE,1.3972688366458028
high,2099,125,MPTE,MAE,1.1161938441592214
high,2099,125,MPTE,DA,0.6445783132530121
high,2099,125,AR,RMSE,1.6359244766576302
high,2099,125,AR,MAE,1.3145801593740534
high,2099,125,AR,DA,0.15060240963855423
high,2099,125,MIDAS,RMSE,1.4011534917847734
high,2099,125,MIDAS,MAE,1.1391921191728902
high,2099,125,MIDAS,DA,0.6746987951807228
high,2099,125,AB1,RMSE,1.450544248353321
high,2099,125,AB1,MAE,1.138787502783302
high,2099,125,AB1,DA,0.677710843373494
high,2099,125,AB2,RMSE,1.4341661466970268
high,2099,125,AB2,MAE,1.1377738078324784
high,2099,125,AB2,DA,0.6506024096385542
high,2099,125,AB3,RMSE,1.5084193899843688
high,2099,125,AB3,MAE,1.1921674002114464
high,2099,125,AB3,DA,0.6385542168674698
high,2099,125,AB4,RMSE,1.6927597317884662
high,2099,125,AB4,MAE,1.3417291689102668
high,2099,125,AB4,DA,0.49096385542168675
high,2099,125,AB5,RMSE,1.4743896549090298
high,2099,125,AB5,MAE,1.160940456316512
high,2099,125,AB5,DA,0.6204819277108434
